date,avg_rn(mm),max_rn(mm),avg_tem(C),avg_max_tem(C),max_tem(C),avg_min_tem(C),min_tem(C),tem_range,avg_wd(m/s),max_wd(m/s),max_inst_wd(m/s),avg_rhm(%rh),min_rhm(%rh),ss_sum,sr_sum
2019-12-31,0.1,10.2,-3.8,0.4,10.7,-6.7,-14.4,25.1,3.6,21.9,28.4,46,13,8.8,11.31
2019-12-30,0.9,3.5,5,9.8,15.5,0.1,-7.5,23,2.1,17.4,23.8,79,15,2.2,3.96
2019-12-29,6.2,34.3,2.6,6.6,17.3,-2.4,-8.9,26.2,1.2,18.1,21,73,26,0.2,3.33
2019-12-28,0,1,0.5,7.5,11.6,-4.9,-11.7,23.3,1.1,7.3,11.7,60,20,8.2,10.07
2019-12-27,0,5.9,0.6,5.1,9.6,-3.2,-11.3,20.9,2.4,21.5,25.9,53,14,8.2,10.36
2019-12-26,1.1,20.8,3.7,6.1,13.9,1.4,-4.9,18.8,2.1,22.7,27.1,68,25,0.3,2.47
2019-12-25,0,0.9,3.5,10.9,16.3,-3.2,-10.4,26.7,1.1,8.5,13.8,61,10,6.1,8.36
2019-12-24,0,2.1,2.1,9,14.4,-2,-10.9,25.3,1.2,8.6,11.8,71,13,7.5,9.44
2019-12-23,0.7,11.2,3.8,8.7,15.3,-1,-6.6,21.9,1.7,11.8,16.9,73,32,4.3,6.04
2019-12-22,0.1,13.6,3,9,12.5,-1.1,-6.9,19.4,1.1,10,14.8,70,31,3.5,6.44
2019-12-21,0.1,2.1,0.2,4.7,11.9,-4.1,-10,21.9,1.3,8.8,14.1,66,18,1.7,5.14
2019-12-20,0.1,2.4,1,5.4,11.9,-3,-9,20.9,1.7,13.3,15.7,60,17,6.4,8.67
2019-12-19,0,7.5,2.2,6.8,13.1,-1.3,-7.9,21,2.4,14.3,22.2,51,13,7.7,10.03
2019-12-18,0.4,9.8,4.6,8.5,15.7,1.8,-4.6,20.3,2.3,14.4,20.7,68,17,5.2,7.27
2019-12-17,2.2,16,8.3,12.5,19.8,3.9,-1.6,21.4,1.7,15.2,21.5,83,40,0.7,2.33
2019-12-16,0,2.7,7.1,14.1,18.8,1,-4.5,23.3,1.1,10.2,13.5,73,30,7,8.27
2019-12-15,0,0.4,4.7,12.4,17.8,-1.5,-10.2,28,1.2,7.6,11,69,27,7.1,8.94
2019-12-14,0.4,3.7,4,9,17.2,-0.1,-6,23.2,1.9,13.8,19.1,61,15,8.2,9.92
2019-12-13,0.1,3.6,1.6,8.1,15.7,-4.6,-9.9,25.6,1.3,14,18.2,56,6,6.8,8.23
2019-12-12,0,0.4,1.7,6.1,12.4,-2.4,-8.7,21.1,2.2,17.3,20.7,48,10,8.8,10.74
2019-12-11,0.2,2.2,6.9,13.3,19.2,1.8,-4.9,24.1,2.6,16.9,20.6,68,22,4.4,5.67
2019-12-10,0.4,6,6.5,13.4,19,1.5,-5.6,24.6,1.2,8.6,14,79,27,4.9,7.18
2019-12-09,0.1,4.5,3,10.1,15.7,-3.6,-9.6,25.3,1.3,8.2,11.5,69,20,6.2,8.01
2019-12-08,0,0,1.4,8,13.1,-3.3,-13.9,27,1.3,11.6,14.8,67,14,8.6,10.52
2019-12-07,0,1.1,0.1,6.1,11.7,-6.5,-12.1,23.8,1.6,13.7,17.9,62,20,6.1,7.74
2019-12-06,0,2.9,-3.2,2.3,10.4,-7.7,-15.6,26,2,12.6,16.8,45,9,8.1,10.8
2019-12-05,0,3.3,0.2,4.8,13.2,-4.4,-14.5,27.7,2.7,14.4,18.9,48,6,8.7,11.17
2019-12-04,0.1,2.6,4.2,9.5,15.5,-0.3,-8,23.5,1.5,11.5,16.6,61,20,7.7,10.22
2019-12-03,0.5,11.7,2.4,6.8,11.9,-2.7,-9.2,21.1,1.7,16.2,20.4,67,26,5.1,7.24
2019-12-02,0.2,4.2,3.6,6.8,14.9,0.2,-7.2,22.1,3.2,20,23.3,57,21,7.1,9.92
2019-12-01,12.5,38,6.3,8.1,17.5,4.7,-0.3,17.8,1.2,16.2,21.4,83,25,0,1.88
2019-11-30,0.1,12.2,5.4,12.7,18,-1.5,-8.2,26.2,1,8,11.9,63,20,6.2,9.18
2019-11-29,0,20,3.4,9.9,16,-1.2,-7.5,23.5,1.5,10.5,14.1,61,7,8.6,11.34
2019-11-28,3.1,52.4,4.7,10.4,16.9,0.3,-4.3,21.2,1.6,14,21.6,73,29,5.1,8.63
2019-11-27,1,25.4,6.2,9.7,15.4,2.6,-4,19.4,2.1,14.1,19.7,63,28,3.9,7.39
2019-11-26,0.5,14,7.7,13.5,17.2,2.6,-4,21.2,1.3,8.6,14,73,30,6.1,9.88
2019-11-25,3.5,71.1,5.9,10.6,17.8,3.3,-4.1,21.9,2.7,18.5,23.9,69,31,1.8,5.53
2019-11-24,1.2,12.4,12.8,19.6,23.8,7.4,1.3,22.5,1.7,19.7,25.9,77,30,4.7,7.45
2019-11-23,0,0.4,10.8,18.2,22.4,4.7,-4.6,27,1.2,7.6,11.8,75,33,8.2,10.15
2019-11-22,0,,9.3,17.3,22.3,2.8,-3.4,25.7,1.3,8.4,12.3,64,16,8.7,11.34
2019-11-21,0,0,5,12.2,18.7,-2.6,-9.7,28.4,1.2,7.8,12,54,12,6.8,9.84
2019-11-20,0,0.2,2.6,8.9,14.7,-2.1,-9.2,23.9,1.6,11.7,15.3,54,8,9.3,12.85
2019-11-19,0.1,3.9,3.7,7,13.4,0.6,-6.1,19.5,2.8,18.7,22.3,57,18,6.9,10.32
2019-11-18,11.6,32.8,8.7,16.4,22.7,3.4,-4.7,27.4,3.6,22.2,25.2,64,15,3.5,7.17
2019-11-17,19,92.5,11,15.4,24.3,6.1,-2,26.3,1.7,14.2,18.5,87,30,0.5,2.16
2019-11-16,0.2,3.5,10.3,17.1,21.7,5.1,-0.7,22.4,1.2,7.3,9.6,80,17,6.8,9.6
2019-11-15,3.6,23.4,7.2,14,18.1,-1,-7.1,25.2,1.7,12.2,16.4,69,21,5.3,7.88
2019-11-14,0,0.6,3.7,8.6,15.2,-0.7,-6.5,21.7,2.8,20.2,24.2,43,10,8.9,13.68
2019-11-13,2.8,23,8.9,13.9,19.1,3.7,-2.5,21.6,1.9,19.6,23.3,74,17,1,3.49
2019-11-12,0,0.9,9.7,16.6,19.6,4.8,-1.8,21.4,1.1,8.7,12.4,74,21,6.9,9.93
2019-11-11,1.1,18.8,12.1,16.9,20.1,7.8,2.3,17.8,2.4,17.9,21.4,72,36,6.6,9.31
2019-11-10,8.5,37.5,9.4,15.8,21.3,3,-3.8,25.1,1.6,21.9,26,71,23,2.6,6.06
2019-11-09,0.1,16.1,8.5,17.3,20.5,1.6,-4.6,25.1,1.3,10.6,13.3,59,16,8.1,12.12
2019-11-08,0,3.5,7.8,15.3,20.1,2.3,-5,25.1,1.6,12.5,15.7,57,14,9,13.06
2019-11-07,0,0.9,10.8,16.9,20.8,5.7,-1.3,22.1,2,13.4,19.2,63,19,7.5,11.82
2019-11-06,0,0,11.3,18.6,21.9,5.5,-1.8,23.7,1.2,7.5,11.5,71,22,8.3,12.43
2019-11-05,0,0.2,11.7,19.1,23.3,6,-1.3,24.6,1.3,8.4,11.1,75,22,8.8,12.66
2019-11-04,0.2,4.7,12.5,18.9,21.3,7.6,0.6,20.7,1.2,8.8,13.6,75,31,7.4,12.44
2019-11-03,1.5,20.5,13.8,20.5,22.8,9.4,2.7,20.1,1.4,11.3,17.1,75,21,5.9,10.92
2019-11-02,0,0,13.5,19.9,23.2,7.7,0.4,22.8,0.9,6.3,9.6,77,31,5.5,9.54
2019-11-01,0,,14.3,21.8,24.7,9,2.9,21.8,1.3,10.7,17.2,71,18,8.4,12.96
2019-10-31,0,,13.3,20.7,23,6.1,-0.1,23.1,1.7,10.5,18,72,24,9,13.48
2019-10-30,0,0,11.3,18.3,22.7,5.7,-1.2,23.9,1.5,10.1,13,66,18,9.7,15.04
2019-10-29,0.7,7,13.2,18.8,23.1,8,2.7,20.4,1.9,12.5,15.7,66,20,8.2,12.28
2019-10-28,0.3,5,11.5,18.5,21.6,4.5,-1.9,23.5,1.5,10,17.2,70,19,8.7,13.79
2019-10-27,0,18.4,10.7,17.4,20.5,5.4,-1.5,22,1.6,10.9,13.5,65,15,9.3,14.74
2019-10-26,0,0.5,12.8,17,22.6,8.9,0.6,22,2.5,14.4,17.5,62,21,8,13.47
2019-10-25,0.3,9.4,16.9,22.7,25.6,12,7.3,18.3,1.7,13.3,17.7,71,32,6.7,12.05
2019-10-24,2.3,55.7,17.4,22.1,25.2,13.6,9.5,15.7,2,12.2,17.5,70,26,4,10.38
2019-10-23,0.1,1.4,16,20,23.2,12.1,4.1,19.1,1.5,10.3,13.5,75,42,0.7,6.89
2019-10-22,0,0.8,15.9,22.9,24.7,10.3,3.3,21.4,1.3,8.9,14.6,75,31,7.8,13.87
2019-10-21,0,0,15.3,23,25,9.5,1.1,23.9,1.3,9,12.1,76,26,9.6,15.53
2019-10-20,0,,15.1,22.6,24.9,10.4,3.9,21,1.1,6.9,9.8,80,26,9.1,14.94
2019-10-19,0.2,15.9,16.2,22.6,25.3,11.6,7.2,18.1,1.3,10.5,15,80,34,8.8,14.94
2019-10-18,3.8,34.5,15.3,19.5,23.4,11,5.8,17.6,1.7,10.7,17.3,81,42,2,7.44
2019-10-17,0,0,14,19.9,23.6,9.5,2.2,21.4,1.3,8.5,13.2,76,31,4.3,10.39
2019-10-16,0,,13.3,20.4,22.8,8.1,3,19.8,1.2,6.5,12.7,76,32,9.3,15.69
2019-10-15,1.2,14,13.3,18.8,22.5,8.5,3.3,19.2,1.6,13,20.7,74,37,5.7,12.39
2019-10-14,3.4,92,14.7,21.3,25.6,9.3,5.1,20.5,1.7,14.8,21.3,73,31,8.4,14.27
2019-10-13,0,0,15.9,22.3,25.4,10.6,4.7,20.7,1.8,12.1,20.5,67,27,9.4,16.6
2019-10-12,0,0.7,18,23.4,26.5,13.5,8.9,17.6,3,16.4,25.7,62,28,9.4,16.38
2019-10-11,0,0.8,17.9,24.8,27.8,11.9,4.1,23.7,1.7,11.6,18.4,69,16,9.7,16.82
2019-10-10,0,0.7,14.9,21.6,26.2,8.6,2.7,23.5,1,6,8.3,72,22,5.1,12.11
2019-10-09,0,,13.3,21.2,24.3,6.8,0.3,24,1.3,8.7,12.7,64,20,10.4,18.51
2019-10-08,0.1,1.7,15.9,22,24.6,10.3,2.9,21.7,2.2,13.2,19.3,67,21,9,16.31
2019-10-07,8.6,25.6,15.5,17.7,25.3,13.8,6.1,19.2,1.3,12.9,15.8,90,55,0.1,3.34
2019-10-06,0,1,17.3,21.8,26,13.4,5.4,20.6,2,9.9,14.8,70,38,6.6,14.41
2019-10-05,3.2,57.5,18.9,22.6,28.5,15.5,8.3,20.2,2,15.3,19.7,80,46,2.4,7.87
2019-10-04,0.3,17,21.2,26.9,29.5,17.1,11.6,17.9,1.3,12.1,22.8,83,38,7.4,15.66
2019-10-03,28.9,310,22,26.3,29.9,18.7,14.3,15.6,2.9,22,25.7,82,45,5.2,11.82
2019-10-02,106.3,332.9,21.1,22.9,27.3,19.8,14.4,12.9,2.4,22.4,26.7,94,66,0,2.13
2019-10-01,9.4,58.9,21.5,24.9,29.9,18.4,8.9,21,1,10.2,16.9,89,46,2,7.2
2019-09-30,0.1,38.6,21.6,28.2,30.9,16.4,6.6,24.3,1,5.2,7.4,81,24,8.5,17.26
2019-09-29,0.1,38.3,22.2,28.5,31.5,18,10.8,20.7,1.1,6.5,8.2,80,28,9.1,17.7
2019-09-28,1.8,68.2,22.5,27.4,29.8,19.3,12.6,17.2,1,6,8.5,84,35,5.5,13.77
2019-09-27,1.5,73,21.4,26.9,29.5,16.8,7,22.5,1.3,7.1,10.6,79,26,4.7,13.3
2019-09-26,0,1,20.4,26.2,29.5,16,9.3,20.2,1.3,7.4,12.8,78,31,6.5,14.75
2019-09-25,0,,18.4,24.8,27.4,12.6,5.2,22.2,1.1,6.7,8.9,79,21,7.6,15.84
2019-09-24,0,,17.8,25,27.4,12.6,4.4,23,1.2,6.6,9.6,77,25,10.6,20.22
2019-09-23,0.4,61.7,18.1,22.5,25.4,14.4,6.5,18.9,1.8,25.8,35.9,75,27,5.1,14.07
2019-09-22,65.1,262.5,17.5,19.1,24.1,16.1,10.8,13.3,4.1,28,42.2,86,52,0,2.25
2019-09-21,40.1,156,17.8,20.7,23.2,16,11.1,12.1,2.1,15.3,25.8,86,48,0,3.27
2019-09-20,0,1.2,19.3,23.7,28.2,15,7.1,21.1,1.7,9.2,15.3,71,33,2.3,10.57
2019-09-19,0,0.5,19.2,25.6,27.8,13.5,8.2,19.6,1.5,11,15.8,68,27,10.1,20.4
2019-09-18,0,0,21,27.9,31.7,15.4,10.9,20.8,1.8,14.2,18,64,17,10.4,21.08
2019-09-17,0,0.1,21.3,27.8,30.7,15.5,6.3,24.4,1.6,10,16.3,68,24,10.7,21.25
2019-09-16,0.2,4.6,22.4,28.2,30.5,18.1,8.5,22,1.6,9.5,14,73,26,9.2,19.34
2019-09-15,0.4,14.5,23.4,28.8,31.7,19.7,12.1,19.6,1.5,8.6,12.8,79,40,7.2,16.92
2019-09-14,0.1,6.9,22.3,27.5,31.7,17.4,12.4,19.3,1.1,8.1,11.4,81,37,5.2,12.35
2019-09-13,0,0.8,21.7,27.4,29.7,17.1,10.3,19.4,1.6,8.1,12.9,74,31,10,20.41
2019-09-12,5.6,28.3,20.8,23.5,29.4,18.6,12.5,16.9,2.1,10.2,15.1,81,45,0.3,5.81
2019-09-11,7.4,54.8,23.9,27.8,32.9,21.5,14.8,18.1,1.9,10.5,16.5,85,47,2.9,10.89
2019-09-10,15.3,216.5,25.4,29.6,33,22.5,16.6,16.4,1.8,13.6,17.6,83,41,4.9,12.6
2019-09-09,8,62.9,24.7,28.3,34.2,22.4,18,16.2,1.4,11.6,15.3,87,44,2.2,10.24
2019-09-08,0.8,30.3,24.6,28.5,32,21.8,18.2,13.8,1.1,10.9,18.9,85,50,2,10.83
2019-09-07,12.3,100,25.8,29.1,33.4,22.6,20,13.4,4.8,42.1,54.4,81,45,1.8,7.32
2019-09-06,2.9,68.8,25.4,28.9,31.5,22.1,18.3,13.2,1.7,19.7,30.6,86,51,1.4,9.19
2019-09-05,22,95,24.2,29,33,21.8,18.5,14.5,1.1,10,15.7,91,48,2.8,9.45
2019-09-04,11.9,67.9,23.4,26.2,30.4,21.4,16.7,13.7,1.3,10.3,13.4,93,62,0.5,6.86
2019-09-03,13.1,95.9,22.1,24.8,28.1,20.1,14.6,13.5,1.2,11.7,18.3,91,48,0.5,6.9
2019-09-02,11.4,62,21.6,25.1,29.8,19.1,13.6,16.2,1.1,13.3,19.7,85,29,2.9,10.71
2019-09-01,0.8,26.1,22.1,26.8,28.7,18,12,16.7,1,6.3,10.5,81,34,4,12.69
2019-08-31,0,4.2,22.6,28.5,30.6,17.6,12.4,18.2,1.4,8.1,11.2,74,35,10.4,20.81
2019-08-30,0.2,2.9,22.9,28.1,31,18.6,14,17,1.9,9,16.7,72,32,9.8,21.39
2019-08-29,4.2,70.7,22.4,25.7,30.4,19.9,14.6,15.8,1.4,8.9,12.3,86,41,1.9,8.29
2019-08-28,0.9,93.7,23.8,27.7,30.7,21,14.3,16.4,1.1,12.8,16.7,85,37,3.8,13.05
2019-08-27,16.7,135.7,22.7,25.4,31,20.5,14.1,16.9,1.2,10.9,15.1,89,44,2.2,9.16
2019-08-26,0.1,23.9,24.3,30,32.2,19,13.1,19.1,1.4,9.5,12.4,75,32,8.9,20.64
2019-08-25,1.2,24.2,23.2,28.7,31.2,18.9,12.5,18.7,1.2,7.1,10.7,78,32,7.3,18.63
2019-08-24,0,0.5,22.8,27.6,30.3,18.9,13.7,16.6,1.2,6.3,11.9,77,39,3.3,11.78
2019-08-23,0,0.2,24.7,29.5,32.5,20.8,14.1,18.4,1.5,6.5,11.4,73,27,7.6,17.94
2019-08-22,25.2,85.5,25.8,30.3,33,23,19.1,13.9,1.6,12,19.5,82,27,5.7,15.59
2019-08-21,8.6,52.9,25.8,30.1,33,22.5,15.6,17.4,1.2,9.6,13.4,82,38,3.9,14.5
2019-08-20,0.2,7.8,26,30.9,33.2,21.7,13.1,20.1,1.7,7.8,11.8,73,32,8,19.12
2019-08-19,0.4,16.4,25.1,30.8,32.9,20,12.3,20.6,1.3,6.9,9.6,75,22,8.9,20.39
2019-08-18,0,25.7,25.3,30.8,34.3,21.1,14.5,19.8,1.4,7.8,12.2,72,22,10.6,23.32
2019-08-17,2.1,20.8,26.2,31,35.1,22,17.7,17.4,2.1,9.5,15.5,75,29,9,18.63
2019-08-16,1.9,14.7,26.4,30.7,34.3,23.3,19.3,15,2.3,14.7,17.5,79,40,7.4,17.04
2019-08-15,15.8,203.7,26.1,29.1,33.3,24.2,20.2,13.1,2.3,15.3,19.2,86,52,1.1,7.61
2019-08-14,1.2,32.4,28.6,33,36.4,24.7,20.3,16.1,2.1,9.7,14.6,76,40,7.5,18.45
2019-08-13,1.2,31.5,28.5,33.7,36.9,24.3,18.5,18.4,1.6,7.8,13.5,77,36,9.3,20.89
2019-08-12,15.5,94,27.7,31,35.7,25.3,21.1,14.6,2.3,14.2,19,83,42,4.2,12.96
2019-08-11,8,70.8,28.3,32.3,36.2,24.8,20.1,16.1,3.4,19.7,27.1,71,30,6.3,18.69
2019-08-10,0,3.1,28.6,33.4,37.1,24.5,18.6,18.5,2.1,13.7,21.4,73,34,9.9,22.33
2019-08-09,0.1,1.5,28.3,33.6,36.1,24.2,19.2,16.9,1.2,8.7,14.4,77,39,9.5,21.1
2019-08-08,5.7,71.7,27.6,33.2,36.1,24.2,18.8,17.3,1.3,8.1,16.4,81,45,7.4,18.01
2019-08-07,14.7,102.3,27.2,32.1,35.6,23.8,20.7,14.9,1.8,10.1,18.2,82,45,6.4,17.23
2019-08-06,10.9,92.3,27.6,32.1,36.8,23.8,16.8,20,1.9,10.2,14.9,75,31,6.2,17.27
2019-08-05,0.7,29.2,28.8,34.6,37.6,24.2,18.6,19,1.2,6.1,9.2,75,35,10.3,21.78
2019-08-04,0.6,16.3,28.4,34.2,36.9,23.9,18.1,18.8,1.2,7.6,12.4,76,36,10,22
2019-08-03,0.5,19.2,28.3,34.1,36.7,24.2,18.2,18.5,1.3,6.8,13.4,77,37,9.5,21.74
2019-08-02,0.1,2.6,28.8,34.2,37.5,24.3,19.2,18.3,1.3,6.9,9.9,75,33,11.2,23.79
2019-08-01,3.4,63.5,28.4,33.1,36.7,24.6,21.1,15.6,1.6,8.8,14.9,78,37,9.3,21.08
2019-07-31,6,64.4,28.4,32.2,36.5,25.2,22.3,14.2,2.3,10.1,17.1,78,42,7,15.71
2019-07-30,0.7,35.9,28.4,32.5,36,24.7,20.6,15.4,2.5,10,16.9,77,45,7.4,17
2019-07-29,0.1,5.2,27.8,32.1,35.2,24.3,21.6,13.6,2.1,9.9,16.7,78,45,7.6,18.05
2019-07-28,10.9,84.5,26.9,29.9,34.6,25,21.9,12.7,2,9.4,15.7,86,49,2.3,9.08
2019-07-27,12.1,131.1,27.1,30.5,35.2,24.6,19.2,16,1.4,7.5,15.5,88,48,4.2,14.26
2019-07-26,19,108.5,26.5,29.2,34.3,24.7,19.8,14.5,1.8,9.9,15.6,89,57,1.4,7.12
2019-07-25,16.3,132.8,26.6,29.2,34,24.8,20.5,13.5,1.6,9.6,13.8,90,51,1.7,7.81
2019-07-24,0.5,34.2,26.8,29.7,34.2,24.8,20.3,13.9,1.7,10.4,12.2,83,49,1.6,9.19
2019-07-23,0,0.5,27.9,32.8,36.1,24.2,20.1,16,1.8,10,13.3,78,41,7.7,20.71
2019-07-22,0.3,108.3,27,31.6,35,23.2,19.8,15.2,1.8,11.1,17.9,80,38,7.2,18.2
2019-07-21,20,72,24.8,27.8,31.3,22.6,18.8,12.5,2.3,12.2,19.3,90,60,1.8,8.22
2019-07-20,56.5,220.5,24.8,27.1,32.2,23.2,19.2,13,3.6,16.1,24.7,88,50,0.3,6.88
2019-07-19,13.9,262.7,25.2,28.5,35.4,22.1,15.8,19.6,1.8,14.8,22.8,84,37,4,12.68
2019-07-18,8.1,128.2,24.3,27.8,33.4,21.4,17.8,15.6,1.4,9,13.1,83,37,4.6,15.3
2019-07-17,3.7,28.7,24.4,28.8,32.2,20.7,16.7,15.5,1.4,9.6,13.2,79,40,5.2,17.22
2019-07-16,4.5,40,23.8,28.7,31.2,20.3,16.8,14.4,1.4,8,12.2,81,44,6.8,19.29
2019-07-15,8.8,144.1,23.2,27.1,30.2,20.6,16.5,13.7,1.3,6,10.1,84,47,3.2,13.2
2019-07-14,2.1,24,23.9,29.1,32.6,20.2,13.8,18.8,1.5,6.8,10.1,79,35,7.8,21.35
2019-07-13,1.6,57.9,23.3,27.8,31.2,20.1,14.8,16.4,1.2,7.1,11.5,80,39,4.6,16.19
2019-07-12,0.4,5.5,23.2,27.9,32,19.6,15,17,1.7,8.9,16.9,77,38,7.3,19.66
2019-07-11,8.5,103.6,22.2,25.6,29.8,19.7,15.5,14.3,2.2,9.4,16.4,85,47,1.3,9.6
2019-07-10,20.7,104.7,20.9,23.3,27.3,19.2,13.5,13.8,2.4,10.8,17.2,83,41,0.5,7.07
2019-07-09,0.2,6.6,22.6,27,30.5,18.4,12.4,18.1,2.1,9.2,13.7,69,32,6.1,17.93
2019-07-08,0.5,37.1,22.6,27.3,31,18.9,13.9,17.1,2.1,10.6,16.7,68,32,5.1,18.86
2019-07-07,0.2,6.5,23.5,28.2,32.5,19.8,14.3,18.2,2.6,12.5,17.2,65,28,7.3,21.12
2019-07-06,0,5.5,25.1,31.3,36.1,19,13.5,22.6,2.2,10.7,14.3,63,20,12,27.66
2019-07-05,0,5.5,25.1,32,36.9,19.1,13,23.9,1.4,6.4,10.3,67,14,11.1,25.57
2019-07-04,0,0,24.4,31.2,35.5,18.4,13.6,21.9,1.4,6.3,9.1,69,22,11.7,26.84
2019-07-03,0,13.5,23.1,28.5,31.4,18.4,11.8,19.6,1.2,7.3,9.2,75,30,6.1,17.75
2019-07-02,0,1.1,23.4,29.2,32.1,18.5,12.8,19.3,1.7,7,11.4,72,27,11.1,24.98
2019-07-01,0.4,15.5,23.2,26.9,31.3,19.9,16.2,15.1,1.4,6.3,10.3,79,36,4.2,14.54
2019-06-30,0,1.4,23.8,28.5,33.3,20.1,15,18.3,1.7,10.9,14.8,81,39,4.7,16.04
2019-06-29,31.7,119,21.6,24.1,29.8,19.9,16.2,13.6,1.3,12.5,18.9,91,44,0.9,7.5
2019-06-28,0.8,7,23.6,28.1,31.9,20.7,12.3,19.6,1.6,7.2,10.7,81,32,4.7,16.43
2019-06-27,12,147.4,23.8,28.8,33.1,20.6,14.3,18.8,1.4,9.2,11.6,85,32,3.9,15.18
2019-06-26,33.1,179.5,21.1,24.4,29.5,18,12.2,17.3,1.4,10.3,15.9,84,34,1.3,8.61
2019-06-25,0,1.4,23.6,30.4,33.9,17.1,10.8,23.1,1.5,6.8,11.9,67,23,12.5,27.2
2019-06-24,0.1,1.2,22.5,28.4,32.4,17.2,9.6,22.8,1.6,6.3,9.6,68,26,11.9,27.46
2019-06-23,0.3,9,21.6,27.3,31.1,16.4,7.6,23.5,1.7,8.6,12.6,67,26,10.4,25.63
2019-06-22,1,62.6,21.7,27.1,31,17.4,9.1,21.9,1.9,8.8,17.3,69,25,9.9,24.48
2019-06-21,1.9,22,22.8,28.7,33.8,18.5,12,21.8,2,10.2,15.7,72,21,8.2,21.64
2019-06-20,0,0,23.4,29.2,34,18.2,11.1,22.9,1.7,7.5,10.8,71,26,9.5,23.99
2019-06-19,0.8,15.5,22.2,27.5,30.8,18.3,15.3,15.5,1.5,7.9,10.9,76,33,6.9,17.64
2019-06-18,2.1,24.1,21.3,26.2,30.6,17.3,13.5,17.1,1.6,8.8,14,76,33,3.1,13.28
2019-06-17,0,0.4,21.3,26.8,30.5,16.8,11.8,18.7,1.7,7.5,10.5,70,27,10.5,25.26
2019-06-16,0.1,11.1,20.2,26.1,28.7,15.2,11.1,17.6,1.7,8.9,16.3,72,31,9.1,23.25
2019-06-15,3.8,76.4,20.4,26.4,29.5,16.1,9,20.5,2.3,11.7,20,73,31,9.9,24.36
2019-06-14,2.3,43.5,20.2,24.7,29.1,16.8,10.8,18.3,1.1,7.4,12.7,76,30,2.3,13.24
2019-06-13,0,,21.2,28,32.2,14.7,6.9,25.3,1.4,7.2,12.6,68,17,11.4,27.34
2019-06-12,0,0,19.7,25.9,29.9,14.3,4.3,25.6,1.5,6.5,9.3,72,19,11.2,26.45
2019-06-11,0.3,28,18.8,23.8,26.4,14.8,6.9,19.5,1.7,9.4,13.6,70,29,7.3,20.42
2019-06-10,4,26.4,18.3,22.2,24.8,15.3,10.1,14.7,1.8,9.6,14.2,75,33,4,14.68
2019-06-09,1.5,20.5,19.7,25,29.6,16.1,10.6,19,1.8,10.1,14.3,75,24,6,20.35
2019-06-08,0.1,1.7,20.1,25.5,29.2,15.5,9.5,19.7,1.5,11.4,16.7,76,19,8.8,22.33
2019-06-07,24.2,93.9,18.6,21.2,25.3,16.6,12,13.3,2.3,15.9,25.8,89,48,1,7.43
2019-06-06,20.7,98.5,21.1,26.9,32.8,16.9,13.1,19.7,1.7,14,20.7,79,21,2.4,10.86
2019-06-05,0,0,22.9,29.9,35.7,16.8,11.4,24.3,1.6,11.4,18.5,67,14,11.4,26.28
2019-06-04,0,1.4,23.1,30.3,35.5,16.1,12,23.5,1.7,10.6,16,60,12,12.1,27.05
2019-06-03,0,1.3,22,29.7,33.2,14,7.4,25.8,1.4,11,17.5,56,17,12.3,27.19
2019-06-02,0,,20.6,27.8,31,13.6,6.5,24.5,1.5,7.2,11,57,12,12.5,27.48
2019-06-01,0,,18.9,25.3,29.4,12.4,6.7,22.7,1.5,8.3,15.3,63,19,9.6,22.79
2019-05-31,0.8,4.3,18.6,24,27.6,14.4,10.1,17.5,2.3,11.3,18.2,62,22,10,25.62
2019-05-30,0.1,0.8,20.5,27.6,31.7,12.7,6.5,25.2,2.1,11.7,19.2,48,11,7.4,20.43
2019-05-29,0,0,19.7,27.4,31.1,11.1,5.6,25.5,2.2,14.5,23.6,51,12,13.2,29.34
2019-05-28,0,0,17.8,23.8,27.9,12.6,7.5,20.4,2.5,12.2,20.9,54,12,10.5,24.67
2019-05-27,22.9,116.6,18.6,22.1,26.7,15.4,10.1,16.6,3.1,22,30.3,85,25,0.3,3.31
2019-05-26,0.1,13.1,23.2,30.1,34.8,16.4,10.8,24,2.1,18.2,24.3,52,8,9.8,25.68
2019-05-25,0,,23.3,30.1,35.6,16.9,11.5,24.1,1.8,10.2,15.4,52,11,8.4,21.19
2019-05-24,0,,22.9,31.6,35.6,14,6,29.6,1.8,10,16.2,56,12,12.6,27.02
2019-05-23,0,,20.9,29,31.9,12.8,5.8,26.1,1.9,9.2,15.8,54,9,12.8,28.59
2019-05-22,0,,19.2,27.3,30.1,10.3,4,26.1,2.2,11.2,20.8,50,11,12.7,29.15
2019-05-21,0,,17,24.2,26.5,9,3.3,23.2,2.6,13.8,22.4,51,14,13,29.55
2019-05-20,1.7,8.7,17,21,24.1,11.9,6.3,17.8,3.1,13.4,21.5,63,22,7.2,21.06
2019-05-19,7.2,26,19.5,22.6,28.1,16.9,11.1,17,2,12,18,86,46,1.3,9.01
2019-05-18,21.3,197.3,18.8,21.8,27.6,16.4,12.8,14.8,2.7,16.1,22.9,79,29,1.5,11.7
2019-05-17,1.7,54.4,21.3,27.3,30.5,15,7.5,23,1.6,14.9,20,61,22,6,16.81
2019-05-16,0,0,21.4,28.9,31.5,14.6,9.6,21.9,1.4,6.9,11.6,60,15,10.8,25.29
2019-05-15,0,0.5,20.3,27.3,30.6,14.3,5.6,25,1.4,7.8,12.2,64,16,9.8,23.12
2019-05-14,0,3.1,19.8,26.6,30.1,13.9,7.2,22.9,1.5,6.8,10.9,65,22,11,25.3
2019-05-13,0,3.9,17.9,24.5,28.8,11.4,3.1,25.7,1.6,9.6,13.2,61,11,6.2,17.43
2019-05-12,0,1.5,18.4,26,30.1,11.1,2.8,27.3,1.7,8.4,13,54,12,10.4,23.02
2019-05-11,0,0,18.5,27.3,31.4,10.2,4,27.4,1.4,6.5,12.7,51,9,11.9,26.11
2019-05-10,0,,17.6,26.7,30.1,8.7,2.6,27.5,1.5,7.1,10.6,46,8,11.8,26.6
2019-05-09,0,0,17.1,24.1,28.2,11.1,5.8,22.4,2.1,9.5,14.8,41,11,11.2,25.77
2019-05-08,0,,15.7,22.9,26.8,7.2,0.9,25.9,2.2,9.7,16.1,42,8,10,23.81
2019-05-07,0,0.1,13.9,21.8,25,5.2,-3.6,28.6,2,10,17.3,47,8,12.7,28.81
2019-05-06,0.1,13,14,20.3,25.2,8.3,-1,26.2,2.8,13.5,18.8,48,5,10.6,27.36
2019-05-05,0,0,18.9,27.3,30.4,10.9,5.4,25,1.8,12.2,18.1,47,4,10.7,25.5
2019-05-04,0,0,17.6,26.5,29.8,8.8,3.2,26.6,1.4,6.9,10.6,56,7,10.7,23.75
2019-05-03,0,,16.7,25.9,29.4,7.6,1.1,28.3,1.6,9.3,14.3,51,8,12.3,27.03
2019-05-02,0,,16,24.1,27.6,8.3,2.6,25,2.1,10.7,17.2,52,8,12.3,26.52
2019-05-01,0,2.9,15.4,22.1,26,10.1,4.5,21.5,2,11.4,16.9,67,16,9.4,22.16
2019-04-30,0.1,1.4,14.6,20.5,25,9.8,0.6,24.4,1.4,9.1,12.5,79,27,7.2,19.23
2019-04-29,19.1,54.2,11.3,14.3,20.6,8,1.3,19.3,1.3,10,15.6,84,36,1.1,6.3
2019-04-28,0.2,2.5,12.1,17.1,20.6,8.4,2.4,18.2,1.4,8.3,12.1,67,23,3.1,13.39
2019-04-27,0.1,1.9,11.4,17.8,19.9,4.9,-1,20.9,1.6,9.2,13.5,65,19,10.1,24.99
2019-04-26,6.3,38.8,9.4,11.6,17.7,7.6,1.2,16.5,2.1,11.1,16.4,86,49,0.2,4.17
2019-04-25,4.5,16.4,13.5,17,21.4,10.2,2.2,19.2,2.1,12.2,18.3,83,37,0.4,4.83
2019-04-24,6.9,22.5,17.3,22,27.5,14.2,9.6,17.9,1.4,10.1,15.4,87,39,3.2,13.53
2019-04-23,5.6,38.6,16.8,21.8,28.2,12.1,5.4,22.8,1.6,11.9,18.3,74,20,2.4,10.68
2019-04-22,0,0,17.6,25.6,29.8,10.2,5,24.8,1.7,8.3,13.7,66,12,10.4,23.33
2019-04-21,0.1,0.8,16.5,22.1,26.5,12,6.7,19.8,1.5,8,11.7,71,35,4.4,13.75
2019-04-20,0.1,1.2,14.7,21.6,25.5,7.7,-4.1,29.6,1.7,10.5,14.5,66,16,9.5,21.86
2019-04-19,0,0.4,12.8,17.6,21.7,9.5,-1.3,23,2.1,8.8,13,70,29,3.1,11.37
2019-04-18,0,0,15.3,21.6,27.4,8.4,2.6,24.8,2.3,11.7,18.5,63,15,7.1,16.12
2019-04-17,0.5,9.5,15.5,23,26.2,8.7,1,25.2,1.7,10.3,13.6,48,9,10,23.26
2019-04-16,0,1.9,14.2,23.3,26.6,4.3,-1.2,27.8,1.5,9.2,15.4,38,6,10,22.53
2019-04-15,0,,11.1,19.6,24.1,2.3,-2.9,27,1.9,9.8,16.9,46,9,12,24.97
2019-04-14,0.8,6.2,10.2,14.7,20.2,6.3,0.9,19.3,2.2,10.7,18.3,59,15,3.6,9.57
2019-04-13,0,,11.6,18.9,21,4,-1.4,22.4,1.6,9.1,14.3,48,12,9.7,22.44
2019-04-12,0.1,9.5,10.7,17.7,20.2,4.1,-4.2,24.4,1.7,8,11.2,58,12,11,23.69
2019-04-11,0,0.2,8.8,14.3,16.6,3.3,-5,21.6,1.4,7.6,11.7,71,17,5.5,16.12
2019-04-10,8.5,32.2,7.2,9.9,16.4,4.5,-1.8,18.2,2.4,16.3,25.1,83,54,0.3,6.33
2019-04-09,23.2,56.3,9.3,15.4,19.9,4.8,-4.5,24.4,3.2,19.9,24.5,60,12,3.3,9.11
2019-04-08,0,,11.8,19.1,23.6,5.1,-2.8,26.4,2.3,15.8,24.4,45,4,10.9,23.07
2019-04-07,2.8,28.7,12.5,18.4,22.2,7.4,-0.5,22.7,1.6,11.7,14.6,60,9,5.2,15.1
2019-04-06,0.6,13.5,11.6,19,23.9,3.4,-3.2,27.1,1.6,12.6,14.2,44,3,7.1,14.95
2019-04-05,0,0.1,11.7,19,23.4,5.2,-2,25.4,2.9,13.4,22.4,46,2,9,18.62
2019-04-04,0,,9.9,17.9,21.9,1.3,-5.9,27.8,2.8,13.5,22.6,40,9,11.5,23.92
2019-04-03,0,6.5,7.4,14.5,17.4,-0.4,-6.8,24.2,2.3,10.1,16.7,42,7,11.7,24.07
2019-04-02,0,3.9,6.7,13.4,17.4,-0.4,-6.5,23.9,2.2,8.9,19.9,44,8,11.1,23.5
2019-04-01,0,3.9,5.7,11.4,14.7,-0.1,-8.4,23.1,2.7,11.6,19.5,45,12,10.7,21.61
2019-03-31,0.2,12,5.4,9.2,13.8,2.3,-3.8,17.6,3.8,15.7,24.5,48,17,7.9,16.14
2019-03-30,3,8,7.2,12.2,21.1,3.7,-2.8,23.9,3.3,19.6,26.2,67,13,6,12.36
2019-03-29,0,24.6,10.6,17,21,5,-1.3,22.3,1.8,8.6,12.6,54,12,8.2,19.45
2019-03-28,0.6,12.9,10.6,16.1,22.5,6.6,-1,23.5,2,9.9,15.6,63,10,6.4,16.28
2019-03-27,0.1,3.3,12.8,19.9,25.1,4.8,-1.9,27,3.3,15,25.4,57,5,7.8,16.27
2019-03-26,0,0,10.5,18.7,21.9,3.2,-2.6,24.5,2,11.3,18.9,55,5,10.1,21.05
2019-03-25,0,,7.2,13.8,18,0.4,-4.9,22.9,2,9.2,15.8,58,21,6.7,15.36
2019-03-24,0,0,4.7,11.3,14.2,-2.1,-6.4,20.6,2.4,11.5,17.6,51,14,11.4,23.25
2019-03-23,1.4,6.9,4.2,10.3,14.3,-0.3,-7,21.3,2.7,14.5,19.2,54,8,8.4,16.17
2019-03-22,0,0,5.2,10.5,16.4,1.6,-5.4,21.8,2.9,16.4,22.6,52,11,9.1,20.8
2019-03-21,2.1,9,9.8,15,22.7,4.5,-1.5,24.2,3.6,18,24.6,74,25,4.3,10.17
2019-03-20,16.1,53.1,11.4,17.2,21.5,5.3,-0.4,21.9,1.9,21.5,28.2,74,19,1,5.91
2019-03-19,0,0,10.7,19,23.3,2.2,-3.1,26.4,1.6,9.5,16.1,54,9,10,17.68
2019-03-18,0,8.8,7.5,15,18.7,-0.7,-5.9,24.6,1.5,9.7,16.4,51,2,7.6,16.17
2019-03-17,0,7.1,6.6,13.1,17.5,1.1,-4.6,22.1,2,11.6,15.7,57,8,10.4,20.16
2019-03-16,0.2,7.8,5.8,11.1,14.4,1.4,-7.6,22,2.3,14,18.5,65,21,8.3,16.7
2019-03-15,3.3,17.5,5.8,12.3,16.4,1,-3.9,20.3,2.5,16.3,24.9,69,15,5.3,12.14
2019-03-14,0,0.7,5.2,11.8,14.5,-2.4,-8,22.5,1.9,9.8,14.6,47,5,9.2,18.07
2019-03-13,0,0.6,3.9,9.4,12.8,-1.5,-7.5,20.3,3.5,16.4,22,40,7,10.4,18.43
2019-03-12,0.9,5.5,5.8,11.9,16.5,0.9,-5.5,22,3.1,15.7,21.1,65,13,5.5,10.89
2019-03-11,1.1,12.2,6.4,11.9,16.6,0.7,-5.4,22,1.9,15.7,19.6,74,23,4.9,10.84
2019-03-10,7.9,43.5,7.8,11.9,16.1,3.8,-0.9,17,2,12.5,19,67,9,0.4,6.21
2019-03-09,0.3,18.4,7.9,16.1,18.9,-1,-6.3,25.2,1.5,10.2,16.3,49,5,8.4,15.65
2019-03-08,0,,6.1,14.5,17.7,-1.3,-8,25.7,1.5,10.3,13.8,58,5,10.7,19.62
2019-03-07,0.5,9.5,6.5,12.1,14.9,2.1,-4.5,19.4,2.3,14.8,20.5,65,23,7.5,14.23
2019-03-06,1,11.3,8.8,14.3,17.6,4.7,-2,19.6,1.6,12.9,16.8,63,20,4.2,11.12
2019-03-05,0,1.1,8.2,14.4,17.4,1.2,-3.5,20.9,1.3,6.5,11.7,62,17,4.2,10.92
2019-03-04,0,2,8.8,15.2,18.2,3.9,-2.3,20.5,1.7,10,13.9,58,12,8.5,15.38
2019-03-03,0,6.9,8.7,14.8,17,2.4,-6.2,23.2,1.3,7.6,11.6,55,9,5.4,12.22
2019-03-02,0,2,6.9,14.6,17.2,-0.8,-7.7,24.9,1.4,8.2,11.6,57,7,6.7,13.84
2019-03-01,0,,6,13.7,16.8,-0.3,-6.1,22.9,1.6,10.5,14.6,58,11,9.4,16.44
2019-02-28,0.1,1.3,6.8,13.4,16.5,1.4,-4.5,21,1.6,9.8,14.3,63,21,7.7,13.64
2019-02-27,0.4,4.6,7.1,11.8,15.2,3.4,-2.1,17.3,1.2,9.1,11.2,65,14,3.4,9.23
2019-02-26,0,0.1,5.4,12.8,17.8,-1.5,-7.9,25.7,1.5,10.9,14.1,53,1,9.6,16.96
2019-02-25,0,,6,12.8,17.7,0.8,-4.8,22.5,1.8,10.4,18.9,59,10,8.5,14.66
2019-02-24,0,,6.1,14.3,16.6,-1.5,-7.3,23.9,1.6,9.6,13.8,61,15,10.2,17.01
2019-02-23,0,0.4,5,13.2,15.7,-1.3,-6.9,22.6,1.5,10.4,15.7,63,11,8.2,14.81
2019-02-22,0,1.7,3.9,11.1,14.7,-1.5,-9.6,24.3,1.3,11.7,14.9,65,19,6.5,13.04
2019-02-21,0,,2.7,9.4,12.8,-2.7,-14.2,27,1.3,9,11.8,68,21,9.1,15.27
2019-02-20,0,0.3,2.8,7,12.9,-0.5,-8.7,21.6,2.3,11.3,18.3,68,27,6.1,10.96
2019-02-19,16.3,49.5,2.9,5.7,17.6,0.6,-2.8,20.4,1.6,11.3,15.8,89,19,0.4,3.08
2019-02-18,0.1,4.7,2.2,7.5,11.4,-4.4,-12,23.4,1.2,8.6,12.8,48,7,4.1,9.82
2019-02-17,0,0,-0.2,6.3,10.2,-5.7,-13.5,23.7,2.3,10.7,15.6,49,10,10.1,16.86
2019-02-16,0.1,5.3,-0.3,3.3,8.6,-3.5,-11.1,19.7,2.9,14,19.4,56,22,7.7,12.79
2019-02-15,0.4,4.4,2,6,12.7,-1.5,-7.5,20.2,1.9,10.9,16.9,63,11,2.1,6.83
2019-02-14,0.1,3.3,0.6,6.5,11.3,-3.7,-12.9,24.2,1.5,9.7,14.5,50,8,6.3,12.62
2019-02-13,0,5.4,0.3,5.3,12,-4.1,-12.9,24.9,2.3,11.7,19.2,41,14,9.4,14.31
2019-02-12,0,0.2,0.1,6,11.6,-6,-11.8,23.4,1.6,9,13,50,16,8.1,13.15
2019-02-11,0,5.5,-0.8,3.9,8.1,-4.7,-12.7,20.8,2.7,14.6,19.9,41,11,9.2,14.66
2019-02-10,0,5.6,-1.4,3.2,9.7,-6.3,-16.6,26.3,1.8,11.7,15.7,42,9,3.4,9.02
2019-02-09,0,12.7,-1.7,1.7,8.3,-4.2,-13.3,21.6,3,15.1,22.5,38,11,8.6,13.82
2019-02-08,0,2.3,-2,3.2,10.1,-5.9,-14.6,24.7,2.1,14.8,18.6,39,6,7.8,12.88
2019-02-07,0.5,9.3,2.1,7.4,14.1,-3.9,-9.5,23.6,3,18.1,23.6,53,9,5.8,10.93
2019-02-06,0,0.2,5.6,12.9,16.9,-1.2,-6.2,23.1,1.3,9.9,14.5,60,10,5.7,10.13
2019-02-05,0,,2.9,11,14.3,-4.1,-8.4,22.7,1.3,9.7,13.1,49,8,8.4,13.01
2019-02-04,0,0.1,2.5,6.8,12.7,-1.5,-7.3,20,2.5,16,20.8,42,9,8.9,13.76
2019-02-03,12.8,33.5,5.6,9.8,18.4,2.6,-1.6,20,2.1,16.1,22.2,89,32,0.2,1.39
2019-02-02,0,1,2.1,8.5,13.8,-4.8,-13.3,27.1,1.6,11.3,15.2,63,24,5.5,9.58
2019-02-01,0,1,-1.3,4.1,8.7,-6.7,-15.2,23.9,2.5,16.2,22.9,56,12,8.2,11.96
2019-01-31,4.9,17.9,0.3,4.7,9.1,-3.8,-10.9,20,2.3,16.6,25,63,12,2,4.13
2019-01-30,0,0.3,3.5,10.1,15.3,-3.1,-10.7,26,1.5,9.9,14.6,48,5,6.7,10.7
2019-01-29,0,0,0,8.1,11.6,-6.5,-17.4,29,1.3,8.8,12.6,48,9,9.3,13.14
2019-01-28,0.2,4,2.6,7.2,11.9,-2.6,-10.9,22.8,3,15,20.6,48,3,8.1,11.66
2019-01-27,0,0,-0.2,7.1,12.4,-7.8,-17.5,29.9,1.8,13.5,19,51,6,8.6,12.72
2019-01-26,0,0.3,-1.8,3.7,7.8,-6.2,-17,24.8,2.7,19,27.2,40,3,9.2,13.15
2019-01-25,0,16.5,-0.4,5.5,13.1,-5.1,-13.3,26.4,2.5,17.3,25.5,44,9,6.7,10.49
2019-01-24,0,,0.7,8.2,13.8,-5.2,-14.8,28.6,1.5,10.8,13.6,43,1,9.2,12.61
2019-01-23,0,,3.1,9.6,14.6,-2.2,-9,23.6,2.3,13,17.6,54,9,8.6,11.06
2019-01-22,0,0,2.6,9,13.1,-3.2,-12.3,25.4,2,12.9,16.7,59,16,8.6,11.33
2019-01-21,0,0.4,0.5,6.2,10.2,-5.5,-13.6,23.8,2.7,15.3,19.6,53,19,6.7,9.23
2019-01-20,0.1,1.9,1.6,5.5,12.2,-2.8,-10,22.2,3.2,16.8,23.6,49,11,8.8,11.79
2019-01-19,0.2,2.6,2.9,9.3,14.2,-2.7,-9.1,23.3,1,12.8,15.3,62,8,4.5,7.94
2019-01-18,0,0,0.8,8.1,11.9,-5.1,-13.7,25.6,1.5,8.8,13.1,56,13,8.6,11.2
2019-01-17,0,0.3,0.4,5.4,9.1,-4,-10.6,19.7,2.4,12.8,17.1,55,10,7.3,9.82
2019-01-16,0,0.9,-3.2,1.7,7.6,-7.9,-16.4,24,2.5,15.1,20.7,48,8,8.5,11.38
2019-01-15,0.1,1.9,0.9,6.1,12.6,-3.9,-10.9,23.5,2.7,15.8,23.8,61,19,5.3,7.28
2019-01-14,0,2.4,1,7.5,13.5,-4.1,-12.9,26.4,1.1,8.4,11.8,71,13,5.7,8.63
2019-01-13,0,5.8,1.3,8.2,12.6,-3.2,-12.9,25.5,1.3,10,14.6,73,20,8.1,10.24
2019-01-12,2.4,12.6,3,7.5,14.7,-0.3,-7.3,22,1.3,9.7,16.2,77,26,3,6.33
2019-01-11,0,2.2,2.1,8.1,12.2,-3.4,-13.3,25.5,1.3,8.7,11.7,63,22,6.9,9.21
2019-01-10,0,0.3,0.5,5.1,11.8,-3.4,-11.1,22.9,2,11.2,17.6,51,3,4.4,7.16
2019-01-09,0,2.2,-2.9,2.9,7.6,-8,-20.1,27.7,1.6,13.2,19.7,40,5,6.7,9.07
2019-01-08,0,0.6,-0.7,4.2,12.1,-4.8,-13.5,25.6,2.8,14.5,19.9,46,9,7.9,10.26
2019-01-07,0,0,-0.5,5.5,12.8,-6.3,-15.2,28,1.8,9,13.4,53,12,7.9,9.68
2019-01-06,0,0.8,-1.3,5.7,12.3,-6.1,-15.8,28.1,1.6,10.7,15.6,46,6,7.7,10.28
2019-01-05,0,5.9,0.2,5.3,13.2,-4.6,-13.5,26.7,2.1,11.7,15.6,49,9,7.7,10.07
2019-01-04,0,3.2,-0.7,5.3,11.8,-7.3,-14.3,26.1,1.4,9.1,18.5,53,8,4.5,6.66
2019-01-03,0,,-2.1,5,10.6,-7.7,-16.8,27.4,1.6,9.2,13.7,48,6,8.9,11.17
2019-01-02,0,0,-2.5,3.2,8.4,-7,-16.6,25,2.1,12.7,18,53,7,8.2,10.54
2019-01-01,0.1,1.9,-2.1,2.1,7,-5.8,-16.5,23.5,2.5,15,19.7,58,13,5.4,7.35
2018-12-31,0,0,-3.2,4,10.6,-9.9,-20.3,30.9,1.5,12.9,17.7,47,3,8.3,10.56
2018-12-30,0,1.1,-4.7,0.9,7.2,-9.4,-19.1,26.3,1.8,14.7,21.1,48,13,8.6,11.03
2018-12-29,0,8.2,-5.1,-0.7,6.2,-9.5,-17.3,23.5,3,16.4,23.6,43,9,8.6,10.95
2018-12-28,0.1,10.7,-7,-2.7,4.7,-10.7,-19.6,24.3,2.9,16.8,26.2,47,8,7.8,9.92
2018-12-27,0,8.5,-4.8,-0.5,10.8,-8.1,-16.9,27.7,3.9,17,23.4,31,4,8.6,10.77
2018-12-26,0,1.1,2.5,6.9,12.4,-1,-9.2,21.6,2.2,14.6,19.5,45,10,6.4,9.02
2018-12-25,0,2,0.4,5.4,12,-5.4,-11.7,23.7,1.3,8.7,13.4,58,16,2.8,5.92
2018-12-24,0,0,-0.3,5.1,11.6,-4.4,-11.5,23.1,2,13.7,18.1,48,11,8.6,10.98
2018-12-23,0.9,13.2,5.5,10.3,16,0.4,-7.3,23.3,2.7,13.6,19.3,52,13,7.5,9.66
2018-12-22,0,3,6.7,13.4,17.6,1.2,-4.1,21.7,1.1,8.9,13.7,70,20,7.1,8.66
2018-12-21,0,0,5.1,12.2,18.4,-1.3,-10.1,28.5,1,7.6,11.6,69,19,5,6.68
2018-12-20,0,21.8,4.2,10.5,16.6,-0.1,-8.7,25.3,0.9,11.1,14.8,67,16,3.8,6.54
2018-12-19,0,1.8,5.1,11.9,18,-0.6,-6.3,24.3,1.5,11.5,17,66,16,6.9,8.66
2018-12-18,0,0,2.5,8.5,13.7,-2.5,-10.8,24.5,1.7,13.1,18,64,20,7.2,8.8
2018-12-17,0.1,1.3,3.2,7.5,12.2,-1,-8,20.2,2.2,15.2,20.3,61,18,7.3,9.11
2018-12-16,0.6,7.1,0.6,4.5,11.3,-3.2,-9.2,20.5,1.1,9.1,15.6,73,11,1.2,4.08
2018-12-15,0,0.4,-1.9,5.7,11.2,-8.3,-20,31.2,1.1,7.9,13.2,55,7,8.3,10.41
2018-12-14,0,24.1,-2.4,3,9.8,-6.5,-19.5,29.3,2,11.9,17,56,15,8.7,10.95
2018-12-13,0.3,7.9,-0.3,5.1,10.3,-5.3,-13.1,23.4,2.2,14.3,19.3,62,19,5.4,6.94
2018-12-12,0,30.5,-0.5,3.8,10.4,-4.2,-13.6,24,2.2,14.6,19.9,60,14,8.2,10.38
2018-12-11,1.8,20,0.3,2.6,12.7,-3,-11.3,24,1.3,11,14.8,78,17,0.1,2.57
2018-12-10,0,0.7,-1.9,5.4,11.5,-7.9,-17.1,28.6,1.4,11.3,14.9,47,3,7.9,10.31
2018-12-09,0,4.4,-4.4,0.7,6.4,-8.8,-17.9,24.3,2,11,14.3,42,6,8.3,11.25
2018-12-08,0.1,6.4,-5,-1,7.9,-8.4,-15.1,23,2.5,15.4,20.3,47,12,8,10.27
2018-12-07,0,4.5,-3,3.1,11.9,-6.1,-14.4,26.3,3.8,17,22.9,43,12,5.5,8.97
2018-12-06,2.5,60.6,4,6.9,14,1.6,-4.1,18.1,2.1,15.1,22.5,72,25,2.4,5.43
2018-12-05,0,29.9,3.9,7.9,16.8,-0.3,-7.5,24.3,1.9,13.3,18.1,54,13,5.8,8.59
2018-12-04,12.2,36.7,10.2,14.1,20.3,5.2,-2.8,23.1,2.3,16.4,21.8,78,25,1.1,3.76
2018-12-03,8.6,22.5,12.1,15.2,22.9,9.1,-1,23.9,1.1,12.2,15.6,92,45,0.6,2.6
2018-12-02,0.2,16.8,8.5,15.3,21.9,1.2,-6.7,28.6,1.3,11.6,14.8,71,35,5.6,7.81
2018-12-01,0,0,5.4,11.9,18.3,1,-5.8,24.1,1.2,8.8,15.9,62,11,5.2,8.1
2018-11-30,0,0,5.1,12.1,17.9,-0.1,-9,26.9,1.2,8,14.4,59,8,8.5,10.82
2018-11-29,0,0,5,11.4,18.2,-0.9,-7.5,25.7,1,8.6,14.5,54,10,4.5,6.46
2018-11-28,0,0,5.9,12.1,18.7,1.2,-5.9,24.6,1.5,10,16.2,54,5,6,8.88
2018-11-27,0,0,7.8,14.9,21.1,1.5,-5.6,26.7,1.3,9.5,14,75,18,6.1,8.34
2018-11-26,0,5.7,5.9,13.9,18.2,0.6,-6.3,24.5,1,6.5,10.5,77,18,8,10.41
2018-11-25,0,,5.7,11.3,18.3,1.8,-2.6,20.9,1.2,6.9,11.4,82,33,5.8,8.41
2018-11-24,4.3,28.6,3.7,7.1,19.2,-0.6,-8.3,27.5,1.4,12.6,16.9,78,17,2,3.99
2018-11-23,0,2.8,2.3,8.6,14.1,-2.6,-9.2,23.3,1.4,9.5,15,50,9,8.5,11.58
2018-11-22,0,0,4.1,8.8,14.3,-0.2,-6.4,20.7,2.4,12.5,19.8,50,12,8.9,12.18
2018-11-21,0.7,7.6,6.2,11.1,17,1.4,-3.8,20.8,1.4,15.2,19.8,64,10,0.8,4.12
2018-11-20,0.1,4.3,6.1,13.5,16.7,0.3,-5.5,22.2,1.3,9.8,15.7,53,9,8.8,11.96
2018-11-19,0,0,7.2,13.6,17.2,2,-4.6,21.8,1.2,8.9,14,62,17,7.6,9.92
2018-11-18,0,4.4,6.4,11.1,15.1,2,-3.3,18.4,1.2,8.2,12.8,59,11,2,6.01
2018-11-17,0,7.2,7.4,13.7,18.8,2.7,-4.9,23.7,1.5,11.5,13.9,65,7,7.3,10.98
2018-11-16,1,10.2,9,13.7,17.7,5.1,-1.2,18.9,1.2,11.5,15.6,78,27,1.6,5.88
2018-11-15,0,0,8.7,16.5,20.7,3,-2.8,23.5,1,7.3,11.5,76,2,8,10.48
2018-11-14,0.4,6.3,8.5,15.9,19.2,3.3,-2.1,21.3,1.1,8.5,13.5,76,27,7.5,11.49
2018-11-13,0.4,10.9,8.8,15.4,18.5,4,-1.4,19.9,1.3,10.7,13.8,74,25,6.3,10.77
2018-11-12,1,7.5,9.3,14.9,18.1,4.9,-2.4,20.5,1.5,10.5,14.6,72,24,7.2,11.33
2018-11-11,1.1,9.7,9.5,14.3,20.6,4.9,-3,23.6,1,9.4,13.1,81,16,2.8,5.76
2018-11-10,0,0.5,10.9,18.2,21,5.5,0.8,20.2,1.3,8.3,13.9,75,24,8.5,11.63
2018-11-09,0.4,4.9,12.4,16.1,18.6,7.9,2.5,16.1,2.9,15.3,21.7,70,32,5.1,8.26
2018-11-08,34.6,101.2,14,17.1,21.6,12.1,6.6,15,2.1,20.1,25.3,93,60,0,1.19
2018-11-07,6.1,152.8,12.8,15.5,21.8,10.1,5.8,16,1,8.6,12.1,88,47,0.1,3.87
2018-11-06,0.2,9.8,11.8,19,22.8,5.7,0.3,22.5,1,7.6,10.5,79,25,6.7,10.33
2018-11-05,0,2.1,10.7,19.1,22.6,3.8,-2.7,25.3,1,7.9,10.1,73,16,8.4,12.17
2018-11-04,0,,10.2,19.8,22.5,3.1,-3.9,26.4,1.1,6.5,9.4,67,12,9.4,14.03
2018-11-03,0,,9.7,19.3,21.6,2.6,-4,25.6,1,6.4,8.7,67,11,9.2,13.89
2018-11-02,0,,9,18.3,20.4,2.1,-5.1,25.5,1.1,7,9.3,67,11,9.6,14.43
2018-11-01,0,0,7.7,16,18.3,1.4,-6.6,24.9,1.3,10.5,14.7,67,17,9.6,14.72
2018-10-31,0,12,7.8,14.2,18,2.8,-3.2,21.2,1.6,13.4,16.6,66,23,9,14.27
2018-10-30,0,0.1,7.5,13.1,18.1,2.6,-4.5,22.6,1.9,10,14.4,61,20,9.6,14.93
2018-10-29,0.3,5.4,9.8,15.5,22.9,5,-0.8,23.7,2,11,18.1,70,28,7,10.12
2018-10-28,5,17.2,10.6,16.5,21.1,4.4,-0.8,21.9,2.2,15.8,21.3,71,19,6.4,9.96
2018-10-27,0.3,4,10.6,14.3,18.3,7,0.7,17.6,3.2,18.2,25,57,22,7.7,12.04
2018-10-26,6.9,21.7,12.3,15.1,21.8,9.2,1.9,19.9,1.6,17.8,23.2,83,38,0.7,2.8
2018-10-25,0,,12.3,20.9,23.1,5.6,-2.1,25.2,1.1,7.6,11.5,70,11,9.3,14.78
2018-10-24,0,,12.2,19.5,22.7,7.1,0.9,21.8,1.3,7.9,11.8,71,18,9.5,15.14
2018-10-23,1.2,11.7,13.2,19.3,23.5,8.6,2.1,21.4,1.3,10.7,14.5,78,29,5.1,8.96
2018-10-22,0,1.8,12.8,20.1,22.8,6.7,-1,23.8,0.9,5.5,7.5,72,13,5.8,11.46
2018-10-21,0,,11.6,20.8,23.8,4.9,-2.7,26.5,1,6.2,10,68,12,9.9,16.24
2018-10-20,0,,11.5,20.5,23.1,5.3,-2.5,25.6,1.1,7.3,10,70,15,9.9,16.34
2018-10-19,0,0.5,12.1,19.3,21.6,6.7,-0.1,21.7,1.7,11.9,19.6,70,20,9.9,16.65
2018-10-18,6.3,104.4,11.6,17.7,21.3,6.2,-0.2,21.5,1.8,12.5,19.3,73,19,6.7,12.46
2018-10-17,1.5,41.5,12.4,19.3,22.4,7.6,2.2,20.2,1.3,10.2,15.1,73,16,8.1,14.82
2018-10-16,0.3,14.2,13,18.5,20.7,9.1,1.2,19.5,1.1,11.3,15.4,78,27,3.5,9.29
2018-10-15,0,,14,21.1,23.5,8.5,1.7,21.8,1.3,8.4,12.1,73,22,9.1,14.74
2018-10-14,0,0,13.1,20.3,22.3,6.8,1.2,21.1,1.2,6.2,8.8,72,20,9.1,16.02
2018-10-13,0,0.1,11.8,19.7,22.3,5.3,-2.7,25,1.2,6.9,9.4,72,22,9.3,16.7
2018-10-12,0,0,10.4,17.6,19.9,4.6,-3,22.9,1.3,9.4,13.7,67,25,10.4,18.06
2018-10-11,0,2,10.7,16,20.5,5.9,-1,21.5,2.2,12.6,17.1,57,19,9.2,16.56
2018-10-10,1.6,18.8,13.9,17.8,21.9,9.2,3.1,18.8,2.6,12.4,17,64,28,6.4,12.97
2018-10-09,0,12.8,14.8,19.8,22.3,10,0.9,21.4,1.2,8.1,13.4,72,22,2.5,9.41
2018-10-08,0,,14.5,21.1,24.6,9.7,1.4,23.2,1.5,8.8,15.5,62,17,9.7,16.2
2018-10-07,0,0.6,17.6,23.7,27.6,12.6,6,21.6,1.7,11,15.6,71,21,9.9,17.66
2018-10-06,81.2,225.5,18.8,22,27,16.2,11.8,15.2,3.9,27.1,36.6,87,50,1.5,4.98
2018-10-05,57.9,310,17.5,19.3,24.5,15.7,11.8,12.7,2.4,17.6,26.3,93,52,0,2.31
2018-10-04,0.4,14.8,18.1,24.6,27.2,10.8,2.7,24.5,2,9.1,16.3,70,32,7.7,15.78
2018-10-03,0,,15.5,23.5,25.3,9.2,0.5,24.8,1.2,8.9,13.1,72,18,10.6,19.1
2018-10-02,0,0.5,15.5,22.1,24.3,10.1,2.5,21.8,1.4,10.3,15.7,71,24,10.2,18.01
2018-10-01,1.2,8.1,16,20,23.5,12.3,5.6,17.9,2.9,16.6,22.6,62,25,8,14.63
2018-09-30,0.7,15,18.5,24.7,28.7,14.2,7.6,21.1,2.6,17.5,23.5,63,18,8.9,17.52
2018-09-29,1.8,46.8,18.6,23.7,27.2,14.1,4.9,22.3,1.6,10.2,16.3,76,29,6.2,15.38
2018-09-28,0,0.9,16.9,22.1,27,11.6,3,24,1.5,9,12.1,75,35,3.5,10.27
2018-09-27,0,2.3,17.2,23.9,26.5,11.4,4.7,21.8,1.8,11.6,15.9,68,28,9.7,18.32
2018-09-26,0.5,11.7,17.8,23.1,26,13.8,8.4,17.6,2.1,10.5,16.6,68,32,5.7,14.18
2018-09-25,0.3,10.7,16.5,23.6,26.4,9.7,1.8,24.6,1.6,10.1,15,68,23,10.4,20.47
2018-09-24,0,0.1,16.6,22.1,24.8,12.1,4.7,20.1,1.5,8.8,14.1,68,21,6.1,16.57
2018-09-23,0.2,9.7,18.9,25.7,30,13.6,8.2,21.8,1.5,8.9,13.1,72,25,7.2,14.63
2018-09-22,0.6,10.5,20.3,26.4,28.5,15.3,9.5,19,1.5,9.8,11.9,74,16,9.8,19.29
2018-09-21,26.4,43.5,19.3,21.1,28.9,17.9,13.2,15.7,1.5,14.2,18,93,58,0.3,4.51
2018-09-20,12.6,42.2,19.7,21.5,29,18.3,12.5,16.5,1.7,12.8,15.2,91,57,0,4.12
2018-09-19,2.4,25,20.6,25.1,27.7,16.6,9.7,18,1,7.2,10.3,78,24,2.2,10.45
2018-09-18,0,0,21,27.4,30.2,16,7.7,22.5,1.3,6.7,10.7,72,17,9.3,19.34
2018-09-17,0.1,6.9,21.9,27.3,29.9,17.8,10.9,19,1.3,7.7,9.7,76,26,8.3,18.33
2018-09-16,0.4,5.3,22.7,26.5,31.4,20.4,15.4,16,1.3,6.1,9.9,84,43,3,9.71
2018-09-15,2.3,14.5,22,24.6,29,20.2,14.8,14.2,1.1,7.2,9.7,91,56,0.6,7.1
2018-09-14,11,111.4,21.6,24.5,28.2,19,10.5,17.7,1.7,10.3,14,88,46,0.6,7.39
2018-09-13,2.9,199.1,20.9,24.2,28.8,18.4,11.2,17.6,1.5,9.6,17.3,84,43,1.9,9.09
2018-09-12,0.1,176,21,26.7,29.7,15.6,9.6,20.1,1.7,10.3,16.9,72,36,7.4,18.61
2018-09-11,0,1.3,19.6,24.6,27.4,14.5,7.1,20.3,2.2,9.9,16.8,66,28,6.8,17.31
2018-09-10,0.1,11.1,20.6,26,28.4,15.6,8.3,20.1,2,11.1,16.2,66,30,9.9,19.88
2018-09-09,0.5,14.2,20.4,27,29.4,14.4,5.6,23.8,1.7,10,15.6,69,21,9.4,21.04
2018-09-08,0,0.1,19.5,25.3,28.6,14.8,8.1,20.5,1.4,8.5,13.4,70,26,7.3,19.93
2018-09-07,4.5,24.4,21.3,25.4,28.1,17.8,10.3,17.8,1.9,18.9,23.5,75,30,4,13.29
2018-09-06,1.1,12.5,22.6,27.1,29.3,18.2,12,17.3,1.5,11.1,17,77,37,2.7,11.77
2018-09-05,0,0,23.3,28.7,30.8,18.2,13.8,17,2.2,10.8,18.8,66,26,11,21.85
2018-09-04,26.6,100,23.7,28.6,31.6,19.7,16,15.6,2.2,14.2,17.3,76,30,9.1,20.62
2018-09-03,32.1,151.6,23.8,27.3,31.6,21.1,16,15.6,1.6,9.8,18.5,89,58,1,8.29
2018-09-02,1.4,22.5,22.4,26.5,30,18.2,10.1,19.9,1.9,8.9,12.8,77,34,5.9,17.39
2018-09-01,8.2,191,23.3,28,31.5,19.7,13.5,18,2,11.1,15.7,77,36,6.8,18.71
2018-08-31,31.7,133.9,23.7,27.1,33.3,20.9,14.7,18.6,1.6,10.5,18.1,87,40,3.9,12.52
2018-08-30,15.2,117,26.3,30.4,34.5,23.9,19.4,15.1,2,12.3,18.9,85,51,5.3,13.26
2018-08-29,16.9,384.3,26.1,30.5,34.2,22.6,17.4,16.8,2,10,15.4,83,40,5.5,13.97
2018-08-28,30.3,168.4,25.1,28.9,33.2,22.7,13.4,19.8,1.4,8,12.4,89,47,3.4,9.51
2018-08-27,45.5,149.5,23.5,25.9,32,21.1,16.2,15.8,1.4,11.7,15.8,94,50,0.6,5.47
2018-08-26,54.3,262,22.3,25.6,31.8,20.2,14.9,16.9,1.6,11.4,16.2,89,33,1.9,7.54
2018-08-25,1.1,13,24.5,28.6,32.1,21.4,17.9,14.2,1.5,9.3,15.8,80,36,2.7,12.45
2018-08-24,20.6,97.2,25.6,29,34,23.1,19,15,3.4,20.1,23.7,84,43,3.3,9.28
2018-08-23,25.3,305,27.1,30,33.6,24.6,19,14.6,3.7,28.1,37.1,78,45,0.5,6.91
2018-08-22,0,60.4,28.9,34.7,38.7,22.9,15.1,23.6,2.3,17.4,24.1,67,31,9.7,21.59
2018-08-21,2.2,36.5,26.8,32.3,38.1,22.1,17.2,20.9,1.9,11.3,17.8,71,20,7.7,15.78
2018-08-20,0,46.1,26.4,31.9,35.6,21.1,14.1,21.5,2.1,15.3,23.7,69,26,8.3,18.46
2018-08-19,0,0,25.2,31.6,35,19.4,13.6,21.4,1.4,8.1,12.2,67,24,9.8,22.21
2018-08-18,0,,24.2,30.3,33.4,18.8,10.9,22.5,2,10,13.9,63,27,11,24.4
2018-08-17,0,8.1,25.1,30.1,34.7,20.9,14.7,20,3.1,11.9,16.2,58,25,10.2,23.27
2018-08-16,5.2,70.6,27.1,32,36.8,23.5,15.6,21.2,2.7,13,19.7,72,36,5.7,18.2
2018-08-15,3.5,96.5,29.4,35.9,39.4,24.5,18.4,21,1.8,11.4,17.7,71,24,9.4,21.18
2018-08-14,0,51,29.9,36,40.3,25,19.6,20.7,1.4,8.8,13.4,69,23,10.7,21.53
2018-08-13,0.9,26.5,29.7,35.3,39.5,25.1,21.1,18.4,1.6,11.8,16.3,74,28,9.9,21.59
2018-08-12,0.5,41.1,28.1,33,36.2,24.1,16.1,20.1,1.7,10.6,15.6,76,37,7,18.98
2018-08-11,0.9,15.5,27.7,32.3,36.2,24.3,18.7,17.5,1.8,8.2,12.3,76,32,6.9,17.6
2018-08-10,8.2,85.5,27.7,32.4,37,24.9,19.3,17.7,1.5,6.4,11.9,82,36,5.7,18.59
2018-08-09,3,39.7,28.5,33.7,37.2,24.9,19.8,17.4,1.5,7.8,10.5,78,34,6.8,17.97
2018-08-08,1.6,48.4,28.8,34.6,39.2,24.9,19.8,19.4,1.5,7.7,12.2,75,32,8.6,21.32
2018-08-07,1.2,90.7,28.6,33.3,36.8,25.4,19.7,17.1,1.6,7.3,12.4,76,39,6.8,18.61
2018-08-06,12.1,226.2,29.1,34.2,37.8,25.5,20.1,17.7,1.6,8.7,12.4,76,34,6.7,18.02
2018-08-05,1.6,68.5,30,35.3,39.9,25.9,20.6,19.3,2,7.7,14.2,70,31,10,20.88
2018-08-04,0,1,30.3,35.6,39.8,25.9,20.8,19,1.9,7.9,11.6,70,29,11.1,22.93
2018-08-03,0.1,8.5,30.1,35.6,39.6,25.4,17.9,21.7,1.9,12.6,17.8,68,27,11.4,24.24
2018-08-02,0,0,30.2,36.1,39.8,24.9,16.5,23.3,1.7,9.3,15.1,67,20,11.4,23.76
2018-08-01,0,,30,36.6,41,23.8,17.3,23.7,1.7,8.8,12.6,66,24,12.5,26.19
2018-07-31,0,0,29.2,35.3,38.5,23.9,16,22.5,1.8,8.1,12.9,67,28,11.7,24.38
2018-07-30,0.2,8.8,29,34,37.2,24.9,18.1,19.1,2.2,9,12.9,68,33,9.1,20.54
2018-07-29,0.1,9.5,29.4,34.6,37.7,24.7,20.1,17.6,2.5,13.3,21.4,67,24,10.3,23.49
2018-07-28,3.6,68,28.9,34.4,38.3,25.6,20.7,17.6,1.6,9.6,13.5,78,34,7.5,18.9
2018-07-27,0.1,3,30,35.9,39.9,25.5,19.6,20.3,1.5,7.8,10.4,75,29,10.6,24.02
2018-07-26,0,1.2,29.9,35.2,39.5,25.5,21,18.5,1.5,6.2,9.3,72,28,10.9,22.92
2018-07-25,0,0.6,29.7,34.6,38.9,25.8,20.5,18.4,1.8,8.9,11,73,32,10.2,21.65
2018-07-24,0,0.1,29.7,35.3,39.6,24.9,19.7,19.9,1.6,10.4,13.4,72,30,11.6,23.04
2018-07-23,0,8.9,29.6,35,38.2,25.4,20.6,17.6,1.6,10.6,14.2,69,28,10.1,23.29
2018-07-22,0,0.4,29.6,35.2,38.2,24.7,17.2,21,1.7,13.4,18.6,68,24,9.5,22.98
2018-07-21,0,0.6,29.3,35.4,38.4,24,18.8,19.6,1.4,10.2,16.9,70,27,11.6,24.45
2018-07-20,0,,28.7,35.2,38.7,23,15.7,23,1.3,6.7,10.8,72,25,12.3,26.7
2018-07-19,0,,28.1,34,37.3,23.1,17.8,19.5,1.4,6.5,9.6,73,29,12,27.09
2018-07-18,0,,27.8,33.4,36.9,23,18.6,18.3,1.4,6.1,10.2,74,32,11.7,25.95
2018-07-17,0,,28.1,33.4,36.8,23.3,19.3,17.5,1.6,7.3,11.2,72,34,12.1,26.62
2018-07-16,0,,28.2,33.9,37.5,23.1,18.9,18.6,1.4,7.2,11.6,72,30,12.2,26.9
2018-07-15,0,0,28.2,33.9,37.2,23.4,19.7,17.5,1.5,6.7,11.1,74,30,12.4,27.49
2018-07-14,0,0.2,27.9,33,36.8,23.7,19.7,17.1,1.6,8.4,12.6,75,26,11.5,26
2018-07-13,0,0.9,27.8,32.6,35.9,24.1,20.1,15.8,1.6,8.8,14.1,77,38,9.9,22.81
2018-07-12,0,2.3,27.4,32.1,35.3,23.3,18.9,16.4,1.6,9.7,14.6,80,39,8.4,20.51
2018-07-11,3.1,34.5,26.1,30.3,35,22.8,18,17,1.4,11.7,15.7,83,45,4.2,15.5
2018-07-10,2.4,80.5,24,28.5,33.1,20,14.3,18.8,1.6,12.2,16.4,85,44,3.1,13.71
2018-07-09,12.3,69.8,20.2,21.9,29.3,18.8,12.7,16.6,1.7,11.5,17.9,91,61,0.1,5.18
2018-07-08,0,2.1,20.9,24.8,29,17.3,10.4,18.6,2.2,9,12.6,72,36,3.9,18.19
2018-07-07,0.2,4.1,21.3,25.9,30.2,17.9,10.8,19.4,2.7,11.1,16.6,70,35,7.9,22.72
2018-07-06,5,38.1,21.8,24,28.3,19.9,12.5,15.8,2.6,11.3,17.7,81,45,1.1,9.78
2018-07-05,11.1,81.9,23.6,26.9,31.5,21.8,15.7,15.8,1.5,6.8,10.2,88,51,1.7,11.81
2018-07-04,10.1,69.4,25.6,30.8,34.6,22,17,17.6,2,11,20.4,81,39,7.7,21.69
2018-07-03,12.2,137,24.8,28.5,33.5,22.1,17.8,15.7,2.4,15.3,21.9,84,45,4.2,16.28
2018-07-02,44.3,130.5,23.5,26.5,31.4,21.1,16.7,14.7,1.6,15.3,19.5,92,54,1.6,9.39
2018-07-01,67.4,210.8,22.7,26,31.8,20,16.2,15.6,2,14.7,20.8,92,52,0.9,6.85
2018-06-30,12.4,181,23.2,26.9,31.2,20.5,14.6,16.6,1.5,12.9,18.3,87,54,1.2,9.59
2018-06-29,2.6,46.4,24.2,29.1,31.9,20.6,14.7,17.2,1.5,12.7,15.9,83,38,6.9,19.54
2018-06-28,39.1,201.5,23,25.9,30.2,20.6,16,14.2,1.6,17.2,21.2,88,45,0.8,7.31
2018-06-27,31.4,122,24.4,28.8,33.1,21.3,17.1,16,2.4,13.7,21.9,84,39,4.2,14.62
2018-06-26,29.4,139.3,23.4,26.4,32.3,20.4,14.7,17.6,2.5,13.5,22.5,87,47,0.1,3.57
2018-06-25,0,0,25.4,32.5,36.7,19,14.2,22.5,1.4,8.9,12,62,19,8.6,21.42
2018-06-24,0,,25.5,32.7,37,19.2,13.2,23.8,1.9,7,12.7,62,16,11.7,26.81
2018-06-23,0,1.7,24,29.9,33.7,19.5,14.8,18.9,1.9,8.5,13.7,58,19,7.8,22.09
2018-06-22,0,1,23.8,31,34.1,16.6,9.2,24.9,1.5,8.4,12.1,55,14,10.1,25.69
2018-06-21,0,,23.1,29.5,33.4,17.8,11.7,21.7,2,12.7,19.4,62,15,11.9,28.29
2018-06-20,0,1.2,22.5,28.2,31.2,18,11.9,19.3,1.8,12.5,18.1,72,25,10.3,24.57
2018-06-19,3.2,51.8,21.3,25.7,31,18.2,11.9,19.1,1.2,7.3,11.5,80,35,1.2,11.92
2018-06-18,0,0.2,23.3,29.7,33.7,17.9,12.7,21,1.4,6.6,10.9,68,18,10.4,25.2
2018-06-17,0,,20.8,27,30.3,14.6,8.7,21.6,1.3,7.1,11,73,23,5.9,18.51
2018-06-16,0,0,19.7,25.7,30.5,14.8,7.5,23,2.1,9.3,13.8,66,24,10.1,26.49
2018-06-15,0.6,16.5,19.9,24.6,29.1,16.3,10.2,18.9,2.6,9.7,13.4,65,35,8.2,22.62
2018-06-14,1.6,45.1,20.5,24.8,30.2,17.6,11.3,18.9,2.4,12.8,16.7,72,35,5.5,17.93
2018-06-13,0,5.6,20.4,25.4,29,16.3,9.8,19.2,1.8,12.4,15.4,73,37,6,18.98
2018-06-12,0.9,19.4,19.5,24.5,28.5,16,8.4,20.1,1.6,8.8,11.2,74,34,7.3,20.81
2018-06-11,7,51,18.5,21.7,25.9,16.5,9.5,16.4,1.8,9.3,13.3,79,42,1.7,10.95
2018-06-10,1.2,10.4,19.7,23.3,28.2,17.2,10.8,17.4,2.4,10.8,16.9,72,42,1.5,13.48
2018-06-09,1.1,16.7,21.2,26,31.1,17.2,11.4,19.7,2.5,13.9,18.4,71,33,6.5,19.41
2018-06-08,0,0,22.4,27.8,32.6,17.9,12.4,20.2,1.8,7.6,14.6,71,23,8.8,20.87
2018-06-07,0,,23.2,30,34.7,17.6,12.5,22.2,1.6,7.8,12.6,71,18,10.6,25.61
2018-06-06,0,,22.4,29,32.5,16.9,9.7,22.8,1.5,8,11.6,72,24,10.5,25.19
2018-06-05,1.4,56.3,21.6,26.4,30.6,17.9,12.7,17.9,1.4,7.1,11.1,71,25,6.5,20.04
2018-06-04,0,1.1,22.3,28.5,31.8,16.1,9.1,22.7,1.5,9.8,14.8,61,20,8.1,22.12
2018-06-03,0,0,22.6,30.3,33.4,15.7,8.8,24.6,1.5,7.8,13,56,13,11.8,26.72
2018-06-02,0,,23.1,31.1,34.5,15.6,9.6,24.9,1.6,7.2,14.8,56,16,12.8,28.68
2018-06-01,0,,22.1,29.9,33,14.4,6.4,26.6,1.6,8.2,15.3,61,19,13,28.73
2018-05-31,0,0.1,19.7,25.9,29.4,14.3,6.6,22.8,1.8,7.8,11.8,66,24,10.8,26.4
2018-05-30,2.2,25.5,20.7,25.8,29.5,16.7,10.2,19.3,1.7,9.7,18.7,78,27,6.2,18.29
2018-05-29,1.5,40.4,21.4,26.9,31,16.9,12.1,18.9,1.4,8,15.2,77,33,5.7,19.11
2018-05-28,0.6,15,20.4,26.2,30.9,15.1,7.3,23.6,1.5,10,14.4,72,21,8,24.38
2018-05-27,0,4.2,19.5,25.1,28.9,14.5,9.4,19.5,1.2,7.8,11.3,69,23,3,15.37
2018-05-26,0,12.1,20,27.8,31.4,12.4,5.9,25.5,1.5,8.9,14.7,62,14,12.6,28.42
2018-05-25,0,2.2,19.8,27,30.2,12.4,7.4,22.8,1.6,12.2,18.3,53,11,9.9,25
2018-05-24,0,,18.9,26.7,30.7,9.8,6.2,24.5,2,14.2,20.9,55,12,12.4,28.1
2018-05-23,13.5,37.5,18.1,23.9,28.5,12.6,8.5,20,2.3,14.5,21.7,67,14,11.2,28.78
2018-05-22,6.6,21.9,17.5,23.7,26.7,12.1,5.6,21.1,1.4,9.6,13.9,78,30,5.5,16.05
2018-05-21,0,0,16.2,21.8,26,10.6,0.4,25.6,2.1,10.4,15.6,68,20,7.8,21.5
2018-05-20,0,1,15.7,21.7,25.9,9.5,0.6,25.3,3,11.7,23.1,55,14,7,18.33
2018-05-19,0.1,2,15.7,20.9,25.7,10.9,2.8,22.9,2.7,10.3,16.3,66,19,9.2,24.04
2018-05-18,9.5,81.5,17.5,21.7,28.3,13.4,4.8,23.5,2.3,12.4,18.2,90,56,0.5,5.07
2018-05-17,17.3,158.5,22.8,26.8,32.6,19.5,10,22.6,2.5,15.6,22.8,87,45,2.1,8.6
2018-05-16,5.9,54.9,22.9,25.5,31.1,20.5,12.7,18.4,2.4,15.4,23,88,35,0.5,4.03
2018-05-15,0,1.8,22.5,29.5,32.9,15,11,21.9,1.5,12.1,17.1,66,13,8.2,21.45
2018-05-14,0,0,19.3,26.9,29.9,12.3,8.2,21.7,1.5,10,13.7,71,22,10.1,23.92
2018-05-13,3.3,73.5,17.3,22.4,27.8,13.6,8.2,19.6,1.9,11.6,18.5,81,26,6.5,18.72
2018-05-12,16.7,54.1,16,18.7,24.4,13.5,7.9,16.5,1.9,10.7,18.5,84,22,0.1,3.15
2018-05-11,0,0.6,16.9,23.8,27.4,10.1,4.8,22.6,1.7,9.1,14.3,60,14,9,22.71
2018-05-10,0,0,15.2,22,25.4,9.3,1.4,24,1.7,8.5,13.7,70,18,11.1,25.96
2018-05-09,0,1.7,13.6,18.9,23.3,9.2,2.6,20.7,2.2,11.2,16.1,68,28,7.6,22.2
2018-05-08,0.5,14.6,15.1,19.2,23.9,11.6,4.7,19.2,2.9,12.6,17.2,71,34,4.4,16.53
2018-05-07,12,36,16.4,21,27.9,13.2,7.4,20.5,1.5,9,13.2,85,16,3.1,12.79
2018-05-06,19.5,161,15.9,18.7,23.6,14.2,9.4,14.2,1.8,13.1,19.4,92,33,0.5,4.54
2018-05-05,0,0.9,18.1,25.1,28.4,9.5,2.2,26.2,2.7,14,21.4,48,12,10,22.63
2018-05-04,0,,14.5,21,23.8,7.1,2.2,21.6,3.5,13.9,23,45,10,12.2,27.88
2018-05-03,0.9,15.3,12,17.1,21.4,7.9,0.6,20.8,3.7,17.9,22.6,60,18,8.6,18.34
2018-05-02,12.9,40.5,14.9,19.2,25.7,10.5,2.6,23.1,2.3,21.3,26.1,88,40,0.3,4.79
2018-05-01,0.5,8,18.6,23.3,27.2,14,5,22.2,1.5,10.7,13.7,78,30,4.4,15.14
2018-04-30,0,53.7,18.8,25.5,29.2,12.4,6.5,22.7,1.9,9.8,16.2,67,13,8.3,21.08
2018-04-29,0,0,16.5,24.6,30,8.3,2.1,27.9,2,10.8,18.7,55,8,10.9,25.49
2018-04-28,0,,15.9,24.2,28.9,7.8,3.1,25.8,1.8,10.5,16.6,59,9,11.5,26.28
2018-04-27,0,0,14.9,22.1,25.6,8.3,4,21.6,2,15.5,21.5,59,19,11,23.06
2018-04-26,0,,14.6,22.7,26.5,6.2,-1,27.5,1.6,9.9,13.1,59,11,10.3,22.08
2018-04-25,0.1,1.7,13,21,26.5,5.5,-1.3,27.8,1.6,9.7,15.4,57,9,11.4,25.37
2018-04-24,10.5,70.5,11.6,14.1,18.5,9,1.7,16.8,2.6,14.1,21.1,83,25,0.1,6.91
2018-04-23,45.9,144.5,11.2,13.5,21.8,10.2,2.1,19.7,3.2,17.2,20.1,92,44,0,2.29
2018-04-22,4.7,51.7,15.7,21.2,25.4,11.5,4.2,21.2,2.4,15,19.7,71,8,1.6,8.96
2018-04-21,0,0,18.8,28,33.2,10,3.2,30,1.8,11,18.2,51,1,11.7,25.51
2018-04-20,0,,17.7,27.5,31.3,8.7,2.1,29.2,1.4,9.1,13.9,52,6,11.5,23.61
2018-04-19,0,,15.1,23.8,29.8,5.7,-1.3,31.1,1.9,10.7,16.5,45,4,11.5,23.91
2018-04-18,0,,13.2,21.2,25.3,5.5,-0.5,25.8,1.7,8.5,12.6,54,9,11.8,25.02
2018-04-17,0,0.1,12.6,19.8,22.8,6.4,-1.5,24.3,1.6,7,10.2,61,11,10.2,21.94
2018-04-16,0,0.2,10.9,17.7,21.4,3.9,-1,22.4,1.7,10.2,15.6,61,11,10.8,23.34
2018-04-15,0,0.1,10.5,16,20.3,6.5,0,,2.9,15.6,21.4,63,23,9.3,19.62
2018-04-14,22.9,59,9.5,13,22.9,7.5,1.8,21.1,2.4,19.7,25.1,85,11,0.1,2.67
2018-04-13,0,1.6,12.8,18.2,21.6,6.1,-0.9,22.5,2.4,13.6,19.1,41,2,3.3,12.94
2018-04-12,0,,13.2,21.2,25.7,5.2,-0.2,25.9,2.2,13.6,23.2,40,2,9.8,21.82
2018-04-11,2.3,14.6,15.5,21,26.8,9.8,4.2,22.6,3.4,15.9,22.7,52,10,10.7,23.78
2018-04-10,1.7,13.5,15.1,22.3,25.5,4.8,-1.4,26.9,3.5,14.7,32.1,60,13,8.3,18.8
2018-04-09,0,0.5,10.7,17.6,22.3,4.8,-3.4,25.7,1.8,17.4,20.6,58,12,10.3,21.54
2018-04-08,0.8,8.5,7.2,12.6,16.4,0,-4.8,21.2,3,17.2,23.9,56,13,8.1,16.68
2018-04-07,0.3,17,5,9.1,11.6,2.1,-4.5,16.1,4.5,24.5,31.4,46,12,8.5,19.05
2018-04-06,16.9,36.3,7.9,12.9,19.4,3.9,-2.5,21.9,3.5,23.4,29.7,69,14,5.8,14.83
2018-04-05,12.6,29,8.5,9.9,21.3,7.5,0,,2.3,13.4,16.4,89,49,0,3.16
2018-04-04,14.9,31,11.5,16.6,24.5,8.4,-0.2,24.7,2.4,11.4,17,85,37,1.4,6.78
2018-04-03,0.1,9.3,18,24.5,28,11.7,3.8,24.2,2,10.3,16.5,71,24,7.1,15.3
2018-04-02,0,0,17.8,24.6,27.2,11.5,5.5,21.7,2,9.8,14.2,69,20,8.9,18.43
2018-04-01,0,0,15.8,21.7,25.3,9.7,5.6,19.7,1.7,10.6,15.2,66,27,3.3,9.84
2018-03-31,0,,14,22,25.8,6.3,0.3,25.5,1.7,10.4,17.2,57,13,9.5,18.97
2018-03-30,0,,12.7,19.3,23.8,7.5,0.1,23.7,2,9.1,13.2,60,16,9.6,19.42
2018-03-29,0,,14.5,21.6,26,8.8,3.1,22.9,1.7,11.5,17,67,18,6.5,14.56
2018-03-28,0,,15,22.1,26.8,7.5,0.8,26,2.2,13.4,17.2,60,7,9,18.36
2018-03-27,0,,13.7,21.6,24.7,5.5,-0.7,25.4,1.9,12.8,17.5,59,17,10,18.73
2018-03-26,0,0,12,20.3,24.9,4.7,-2.1,27,1.8,8.8,12.5,59,12,9.8,19.35
2018-03-25,0,0,10.8,18.7,23,3.9,-1.8,24.8,1.9,9.8,14.9,61,12,9.7,19.36
2018-03-24,0,0,9.1,15.9,19.5,2.1,-2.5,22,2,10.9,16.3,59,14,8.5,16.33
2018-03-23,0,,6.2,13.5,17.1,-0.7,-7.4,24.5,1.7,7.5,10.9,63,16,10.2,19.75
2018-03-22,0,0.7,5,11.4,15.6,0.3,-10,25.6,2.2,16.7,21.8,65,10,10.2,18.3
2018-03-21,8.6,41.9,1.8,3.7,9.1,0.3,-5.9,15,3,16.3,24.3,83,26,0.1,4.11
2018-03-20,0.6,16.9,5.3,8.7,13.6,1.9,-6,19.6,4.6,15.5,23.7,54,28,2.8,10.39
2018-03-19,19.9,51,8.5,11.4,16.9,5.6,-2.2,19.1,2.9,14.8,20.9,85,35,0,2.84
2018-03-18,6,25.1,8,13,22.3,1.9,-2,24.3,1.2,8.6,13.4,75,14,1.4,7.18
2018-03-17,0,,5.4,12.6,15.9,-1.1,-14.7,30.6,1.6,8.7,13,64,9,9.6,18.57
2018-03-16,0.7,4,5.2,10.1,15.5,1.5,-11.5,27,3.1,16.4,23.6,69,27,4.6,11.51
2018-03-15,23.9,109,12.8,16.4,22.6,7.9,-2.3,24.9,1.9,18.5,28.4,91,45,0.4,2.28
2018-03-14,0,0.6,15.2,22.5,25,8,2,23,2,11.9,16.8,66,21,8.7,16.1
2018-03-13,0,0,12.3,20.2,23.7,3.3,-3.6,27.3,2.3,14,21.1,62,8,8.6,15.48
2018-03-12,0,,7.9,16.9,20.3,-0.4,-5.6,25.9,1.5,9.9,15.1,63,12,9.4,16.1
2018-03-11,0,,6.4,13.8,18,0.7,-5.1,23.1,1.7,9.2,13.9,62,11,9.7,17.36
2018-03-10,0,,4.8,11.4,15.4,-1.1,-6.7,22.1,1.7,9.4,13.9,68,14,9.4,16.54
2018-03-09,0.1,3,3.5,7.7,12.6,0.2,-6.6,19.2,1.6,15.2,21.9,75,25,4.1,10.38
2018-03-08,16.7,47,3.3,6.3,11.9,1,-3,14.9,2.4,19.8,29.2,87,44,1.3,6.03
2018-03-07,5.1,34.3,5.1,9.1,12.8,1.4,-7.3,20.1,2.3,12,18.6,71,28,1.8,8.12
2018-03-06,0,0,4.7,11.1,15.5,-0.7,-17.1,32.6,1.8,10.2,16,65,15,9.4,17.29
2018-03-05,12.1,36,5.7,11.6,21.7,2.3,-11.6,33.3,3.2,17.9,25.7,81,37,2,7.25
2018-03-04,16,44.5,11.8,17.4,23.2,5.9,-2.2,25.4,2,15.7,21.3,79,32,2.5,8.27
2018-03-03,0,4,7.6,16.6,19.5,-1.4,-6.6,26.1,1.5,11.7,17.7,54,4,8.7,15.66
2018-03-02,0,0,1.3,8.9,13.7,-5,-16.8,30.5,1.8,11.4,17.6,47,3,10.4,17.75
2018-03-01,0.9,28.2,2.8,6.6,13.8,-1.7,-9,22.8,4.6,20.2,28,58,13,8.8,15.76
2018-02-28,29.2,72.2,5.6,9.1,17.5,2.4,-1.4,18.9,2.9,25.2,31.1,80,30,0,1.6
2018-02-27,0,0,5.1,12.5,16.9,-2.7,-8.1,25,1.2,10.7,15.8,57,12,5.6,9.2
2018-02-26,0,0.3,3.1,11.7,16.1,-4.2,-10.9,27,1.3,8.2,13,51,7,10.2,16.49
2018-02-25,0,1,3.8,10.5,15.4,-0.8,-8.5,23.9,1.6,8.8,14.1,57,10,6.2,12.77
2018-02-24,0.1,5.4,4.6,10.8,16.6,-0.4,-6.2,22.8,1.8,11.3,16.6,60,11,6.3,12.22
2018-02-23,1,7.3,4.4,10.3,15.3,-2.7,-8.6,23.9,2.1,11.5,20.3,65,15,6.1,10.6
2018-02-22,0.1,3,0.6,7.3,11,-6.2,-13.3,24.3,1.8,12,18.9,47,7,9.1,13.6
2018-02-21,0,3.3,0.5,5.4,11.8,-3.8,-14.3,26.1,2.2,11.4,19.5,33,2,6.7,12.19
2018-02-20,0,0.1,2.7,9.1,14.5,-3.9,-10.3,24.8,1.8,8.9,13.7,46,10,7.5,12.13
2018-02-19,0,3.1,2.8,9.2,13.5,-2.5,-10.4,23.9,1.3,7.2,11.6,46,8,5.3,10.39
2018-02-18,0,0.9,0.8,6.8,11.8,-4.2,-11.4,23.2,1.4,8.5,11.3,34,2,5.1,9.6
2018-02-17,0,0,-0.2,4.6,10.9,-4.4,-11,21.9,2.9,14.8,20.5,31,2,9.6,15.28
2018-02-16,0,0,1,7.6,13.1,-5.1,-12.8,25.9,2,12,17.1,43,2,7.7,12.03
2018-02-15,0,0.2,1.9,7.5,14.6,-2.7,-9.5,24.1,2,11.1,16,43,1,8,12.32
2018-02-14,0,0,4.7,11.9,15.4,-3.3,-11.8,27.2,2.8,14.4,23.1,60,13,6,9.1
2018-02-13,0.1,1.1,-0.7,5.1,9.8,-7.2,-16,25.8,2.5,19.3,25.9,54,12,9.7,14.19
2018-02-12,0.4,4.2,-4.1,-0.1,5.4,-8.9,-17.6,23,3.1,19.5,26.2,57,16,7.8,11.43
2018-02-11,0.7,5.1,-3.6,0.1,5.4,-7.2,-15.7,21.1,3.2,25.1,31.8,52,12,7.2,10.87
2018-02-10,0,3.6,1.5,7,12.5,-4,-12,24.5,2.9,17.1,23.9,49,8,4.8,9.06
2018-02-09,0,0.2,1.4,8.6,13.4,-6.2,-15,28.4,1.3,8.9,14.6,53,18,4.9,9
2018-02-08,0,13.1,-3.6,4.6,8.8,-11,-18.5,27.3,1.3,13,16.8,46,10,9.3,12.47
2018-02-07,0,35.5,-6.7,0,5.8,-13.3,-23.4,29.2,1.9,13.5,20.5,47,7,9.7,13.55
2018-02-06,0.1,26.3,-8,-3.5,2.4,-12.3,-20.4,22.8,2.8,18.9,24.5,47,9,9,12.56
2018-02-05,0.1,11.3,-7.4,-2.6,4,-11.8,-20.3,24.3,3,18.4,24.6,46,12,8.9,12.5
2018-02-04,0.2,27.2,-7.1,-3.1,1.9,-10.6,-19.1,21,3.4,21.3,27.2,46,9,8.6,12.12
2018-02-03,0.3,5.2,-4.5,-0.8,5.4,-8.1,-15.5,20.9,3.5,20.3,26.5,50,12,8.5,12.03
2018-02-02,0,1.1,-2.4,4.4,9,-8.3,-18.8,27.8,1.7,15,26.1,48,5,7.4,10.39
2018-02-01,0,0,-2.1,4.4,9.4,-7.7,-18.6,28,1.6,10.6,15.1,46,9,9.5,12.71
2018-01-31,0,1.5,-1,3.9,7.4,-6,-11.4,18.8,1.5,10.5,13.9,54,14,3.5,7
2018-01-30,0.1,2.9,-4.6,1.4,6.8,-11.3,-20.4,27.2,1.9,16.3,21.5,55,15,7.7,10.7
2018-01-29,0.1,2.9,-5.9,-1.7,6.3,-9.3,-18.9,25.2,2.9,18.7,24.4,45,13,8.7,11.6
2018-01-28,0,2,-2.7,1.8,8.1,-5.8,-13.6,21.7,2.7,18.6,23.4,39,11,7.2,10.32
2018-01-27,0,0.4,-7,0.4,6.4,-14.6,-24.6,31,1.6,12.2,17.5,44,3,9.3,11.95
2018-01-26,0,12.1,-10.4,-5.4,4.2,-14.2,-25.2,29.4,3.2,17.2,25.9,44,7,9.1,12.06
2018-01-25,0,7.4,-9.9,-5.1,3.1,-13.9,-24.1,27.2,3.2,16.1,21.1,41,11,8.2,11.13
2018-01-24,0,8.4,-10.4,-6.5,3.8,-13.4,-23,26.8,3.5,15.9,21,38,12,9,11.5
2018-01-23,0,1.8,-6.4,0.7,7.6,-10,-19.6,27.2,4,16.5,21.7,46,11,8.4,11.08
2018-01-22,1.2,5.8,2.9,7.6,12.7,-0.6,-8.8,21.5,1.9,18.9,23,63,25,2.4,5.47
2018-01-21,0,,1.2,7.5,12.4,-3.9,-13,25.4,1.1,9.1,17.5,60,12,7.2,8.82
2018-01-20,0,0,1.2,7.7,12.9,-4.1,-9.2,22.1,1.4,9.3,13.2,64,21,6.6,8.07
2018-01-19,0,,1.3,7.3,12.6,-3,-8,20.6,1.5,9.2,13.3,55,6,8.3,9.76
2018-01-18,0,0.3,3.7,7.8,12.9,0.1,-4.8,17.7,1.8,12.3,19.3,70,16,3.1,6.52
2018-01-17,5,12.3,4.3,7.8,14.3,1.7,-2.5,16.8,1.4,14.1,17.6,87,43,2.2,4.57
2018-01-16,7,40.9,3.8,8.2,15.7,-0.8,-6.9,22.6,1.1,10.8,16,80,18,0.8,3.26
2018-01-15,0,1.4,4.4,10.8,16.2,-0.9,-7.1,23.3,1.5,12.2,19.7,70,13,7.9,8.64
2018-01-14,0,2.2,-0.3,6.7,12.9,-7,-16.8,29.7,1.3,12.9,19.5,71,18,6.8,8.67
2018-01-13,0.1,6.5,-3.1,3.1,7.7,-8.8,-16.1,23.8,1.3,11.8,16.9,69,24,6.2,7.59
2018-01-12,0,6.7,-8.5,-3.7,3.7,-13.4,-22.2,25.9,2.2,18.3,25.1,54,12,8.8,9.59
2018-01-11,0.8,21.3,-8.2,-4.3,2.3,-11.3,-19.7,22,2.7,24.5,31.4,59,18,7.7,8.1
2018-01-10,2.2,16,-4.5,-0.7,5.9,-8.1,-16.5,22.4,3,24.9,32.8,63,15,6.4,7.52
2018-01-09,1.4,11.5,-1.3,1.5,7,-3.4,-11.1,18.1,3.7,22.2,30,65,24,6.4,7.35
2018-01-08,2.4,10.5,2.3,4.8,14.1,0.1,-5,19.1,2,21.2,27.6,76,17,0.4,2.81
2018-01-07,0.5,5.6,-0.3,4.4,12.4,-6.5,-16,28.4,1,8.6,11.6,60,14,2.3,4.6
2018-01-06,0,1.9,-0.7,5.5,10.5,-5.4,-14.9,25.4,2,15.9,21.7,54,15,8.8,9.83
2018-01-05,0,4.5,-0.1,4.7,9.9,-3.4,-12.1,22,2,16.2,21.5,54,10,6.7,7.9
2018-01-04,0,5,-1.7,2.3,9.3,-5.6,-18.5,27.8,1.6,10.9,16.2,51,12,5,6.98
2018-01-03,0,3.8,-1.6,2.8,11.3,-5.3,-16.8,28.1,2.4,12.1,17.8,46,13,8.6,9.35
2018-01-02,0,0,0.2,5.8,11.5,-5.3,-12.3,23.8,1.8,11,17.8,57,14,6.6,6.89
2018-01-01,0,0,-0.4,5.2,10,-4.9,-13.1,23.1,1.9,12.5,18.1,51,12,8.7,9.31
